time,Twall,T1,P0,mdot,rho_ue_CH,sdot_mm_s,recession_mm,thickness_mm,Bg,Bc,Tw_nr,eps_surf,k_surf,iter,converged,resid_pct,mdot_g,mdot_c,T_24mm
0.0001,301.036,300,200000,-0.840227,0.000287077,2.53515e-05,0,100,0,0.087426,301.036,0.8,0.402688,3,1,-36.7844,0,0,300
0.002,320.634,300.068,200000,-0.0828861,0.00574154,0.00050703,0,100,0,0.087426,320.634,0.8,0.403608,2,1,-1.95464,0,0.000476862,300
0.004,341.081,300.259,200000,-0.0541259,0.0114831,0.00101406,0,100,2.79178e-07,0.0874258,341.081,0.8,0.40457,2,1,-1.04968,3.20583e-09,0.00097882,300
0.006,361.338,300.569,200000,-0.0414427,0.0172246,0.00152108,0,100,7.66279e-07,0.0874254,361.338,0.8,0.405525,2,1,-0.756867,1.31989e-08,0.00148077,300
0.008,381.407,300.995,200000,-0.0338786,0.0229662,0.00202809,0,100,2.01246e-06,0.0874245,381.407,0.8,0.406472,2,1,-0.617793,4.62184e-08,0.00198271,300
0.01,401.285,301.534,200000,-0.028731,0.0287077,0.00253504,0,100,4.92183e-06,0.0874223,401.285,0.8,0.407411,2,1,-0.540787,1.41294e-07,0.0024846,300
0.012,420.973,302.184,200000,-0.0249559,0.0344492,0.00304189,0,100,1.11761e-05,0.0874176,420.973,0.8,0.408343,2,1,-0.495301,3.85007e-07,0.00298638,300
0.014,440.47,302.942,200000,-0.0220498,0.0401907,0.00354851,0,100,2.36607e-05,0.0874089,440.47,0.8,0.409268,2,1,-0.468244,9.50938e-07,0.00348796,300
0.016,459.218,303.806,200000,-0.0197593,0.0459321,0.00405468,0,100,4.6003e-05,0.0873927,459.218,0.8,0.411775,2,1,-0.4517,2.11301e-06,0.00398909,300
0.018,477.505,304.773,200000,-0.0178963,0.0516734,0.00456006,0,100,8.37518e-05,0.0873652,477.505,0.8,0.41468,2,1,-0.442736,4.32773e-06,0.00448946,300
0.02,495.5,305.842,200000,-0.0163453,0.0574144,0.00506422,0,100,0.000144913,0.0873226,495.5,0.8,0.417505,2,1,-0.439537,8.32009e-06,0.00498866,300
0.022,513.216,307.009,200000,-0.015033,0.063155,0.00556644,0,100,0.000239717,0.0872579,513.216,0.8,0.420256,2,1,-0.440708,1.51393e-05,0.00548598,300
0.024,530.668,308.273,200000,-0.0139078,0.068895,0.00606574,0,100,0.000381073,0.0871628,530.668,0.8,0.422937,2,1,-0.445316,2.62539e-05,0.00598045,300
0.026,547.868,309.63,200000,-0.0129323,0.074634,0.00656085,0,100,0.000584716,0.087028,547.868,0.8,0.425552,2,1,-0.452713,4.36395e-05,0.00647087,300
0.028,565.083,311.078,200000,-0.0120729,0.0803713,0.00705035,0,100,0.00087471,0.0868451,565.083,0.800001,0.427638,2,1,-0.463097,7.03011e-05,0.00695581,300
0.03,582.379,312.615,200000,-0.0113087,0.086106,0.00753165,0,100,0.00128211,0.0865948,582.379,0.800001,0.429176,2,1,-0.476316,0.000110397,0.0074327,300
0.032,599.478,314.239,200000,-0.0106297,0.0918374,0.0080024,0,100,0.00183045,0.0862652,599.478,0.800002,0.430691,2,1,-0.491414,0.000168101,0.0078994,300
0.034,616.354,315.946,200000,-0.010023,0.097563,0.00846199,0,100,0.00255037,0.0858663,616.354,0.800003,0.432183,2,1,-0.508162,0.000248818,0.00835501,300
0.036,633.018,317.734,200000,-0.00947774,0.103281,0.00890659,0,100,0.00347644,0.0853737,633.018,0.800004,0.433654,2,1,-0.526401,0.000359045,0.00879582,300
0.038,649.612,319.601,200000,-0.0089834,0.10899,0.00933196,0,100,0.00465552,0.0847658,649.612,0.800006,0.434897,3,1,-0.546418,0.000507408,0.0092183,300
0.04,666.269,321.543,200000,-0.0085316,0.114683,0.00974,0,100,0.00615739,0.0840804,666.269,0.800008,0.435612,3,1,-0.56869,0.000706153,0.00962311,300
0.042,682.665,323.558,200000,-0.00812098,0.120358,0.0101256,0,100,0.00799699,0.0832874,682.665,0.800012,0.436321,3,1,-0.592152,0.000962513,0.0100055,300
0.044,698.777,325.642,200000,-0.00774667,0.126013,0.0104864,0,100,0.0102084,0.0823847,698.777,0.800017,0.437022,3,1,-0.616669,0.0012864,0.0103646,300
0.046,714.411,327.791,200000,-0.00740629,0.131635,0.0108374,0,100,0.0127933,0.0815062,714.411,0.800024,0.437708,3,1,-0.641868,0.00168407,0.0107125,300
0.048,729.679,330.002,200000,-0.00709467,0.137227,0.0111642,0,100,0.0157917,0.0805421,729.679,0.800032,0.438383,3,1,-0.667788,0.00216708,0.0110357,300
0.05,744.418,332.27,200000,-0.00681004,0.14278,0.0114824,0,100,0.0191692,0.079616,744.418,0.800043,0.439041,3,1,-0.694074,0.00273702,0.0113528,300
0.052,758.531,334.592,200000,-0.00655018,0.148281,0.0118149,0,100,0.0229027,0.0788827,758.531,0.800057,0.439679,3,1,-0.72044,0.00339608,0.0116797,300
0.054,772.142,336.961,200000,-0.00631134,0.153738,0.01214,0,100,0.0269926,0.0781757,772.142,0.800074,0.440299,3,1,-0.746963,0.00414987,0.0120034,300
0.056,784.957,339.375,200000,-0.00609362,0.159142,0.0124907,0,100,0.0313156,0.0777025,784.957,0.800094,0.440894,3,1,-0.773014,0.00498374,0.0123483,300
0.058,797.32,341.827,200000,-0.00589221,0.164507,0.0128277,0,100,0.0359422,0.0771967,797.32,0.800118,0.441474,3,1,-0.799071,0.00591286,0.0126835,300
0.06,808.826,344.313,200000,-0.00570841,0.169815,0.0132108,0,100,0.0406636,0.0770174,808.826,0.800147,0.442025,3,1,-0.824287,0.00690546,0.0130582,300
0.062,819.81,346.829,200000,-0.00553819,0.175076,0.0136136,0,100,0.045547,0.0769808,819.81,0.80018,0.442557,3,1,-0.849163,0.0079744,0.0134581,300
0.064,830.131,349.37,200000,-0.00538125,0.180293,0.0140443,0,100,0.0504921,0.0771179,830.131,0.800218,0.443068,3,1,-0.873329,0.00910361,0.0138804,300
0.066,839.746,351.931,200000,-0.00523663,0.185474,0.0145102,0,100,0.055359,0.0774505,839.746,0.800261,0.443681,3,1,-0.896354,0.0102679,0.0143423,300
0.068,849.007,354.511,200000,-0.0051011,0.190628,0.014963,0,100,0.0603407,0.0777084,849.007,0.800309,0.444343,3,1,-0.918983,0.0115029,0.0147913,300
0.07,857.486,357.105,200000,-0.0049765,0.195741,0.0154906,0,100,0.0650913,0.0783471,857.486,0.800363,0.444962,3,1,-0.9404,0.0127414,0.0153091,300
0.072,865.611,359.711,200000,-0.00485945,0.200828,0.0160248,0,100,0.0698357,0.0789959,865.611,0.800422,0.44556,3,1,-0.961423,0.0140254,0.0158383,300
0.074,873.418,362.324,200000,-0.00474922,0.205886,0.0165711,0,100,0.0745953,0.0796821,873.418,0.800487,0.44614,4,1,-0.982074,0.0153581,0.0163785,300
0.076,880.65,364.945,200000,-0.00464666,0.210915,0.0171775,0,100,0.0791108,0.0806283,880.65,0.800559,0.446689,4,1,-1.00177,0.0166856,0.0169748,300
0.078,887.55,367.568,200000,-0.00454998,0.215924,0.0178019,0,100,0.0835201,0.0816209,887.55,0.800636,0.447219,4,1,-1.02097,0.018034,0.017593,300
0.08,894.203,370.193,200000,-0.00445832,0.220916,0.018427,0,100,0.0878964,0.0825776,894.203,0.800719,0.447734,4,1,-1.03983,0.0194177,0.0182118,300
0.082,900.601,372.818,200000,-0.0043714,0.225891,0.0190577,0,100,0.0922177,0.0835233,900.601,0.800808,0.448236,4,1,-1.05832,0.0208311,0.0188333,300
0.084,906.603,375.441,200000,-0.0042896,0.230846,0.0197416,0,100,0.0962854,0.0846635,906.603,0.800903,0.448715,4,1,-1.07607,0.0222271,0.0195103,300
0.086,912.393,378.061,200000,-0.00421172,0.235788,0.020431,0,100,0.10028,0.0857833,912.393,0.801005,0.449182,4,1,-1.09349,0.0236447,0.0201919,300
0.088,917.959,380.677,200000,-0.0041376,0.240715,0.021137,0,100,0.104166,0.0869312,917.959,0.801113,0.449636,4,1,-1.11052,0.0250744,0.0208906,300
0.09,923.336,383.287,200000,-0.00406684,0.245632,0.0218479,0,100,0.107967,0.0880562,923.336,0.801228,0.450079,4,1,-1.12722,0.0265202,0.0215941,300
0.092,928.519,385.891,200000,-0.00399928,0.250536,0.0225756,0,100,0.111665,0.0892083,928.519,0.801349,0.450511,4,1,-1.14357,0.0279761,0.0223135,300
0.094,933.525,388.488,200000,-0.00393467,0.255429,0.0233151,0,100,0.115261,0.0903656,933.525,0.801476,0.450932,4,1,-1.15959,0.0294409,0.0230452,300
0.096,938.367,391.077,200000,-0.00387279,0.260314,0.0240614,0,100,0.118759,0.0915078,938.367,0.80161,0.451345,4,1,-1.17529,0.0309145,0.0237836,300
0.098,943.053,393.658,200000,-0.00381346,0.265192,0.0248147,0,100,0.122155,0.0926368,943.053,0.80175,0.451747,4,1,-1.19069,0.0323946,0.0245291,300
0.1,947.591,396.229,200000,-0.00375653,0.270064,0.0255755,0,100,0.125448,0.0937543,947.591,0.801897,0.452142,4,1,-1.20578,0.0338791,0.0252819,300
0.102,948.35,398.779,200000,-0.00371638,0.269978,0.0256235,0,100,0.125947,0.0939606,948.35,0.802048,0.452338,3,1,-1.21168,0.0340034,0.0253636,300
0.104,949.127,401.3,200000,-0.00367734,0.269908,0.0256973,0,100,0.126204,0.0942552,949.127,0.802198,0.452523,3,1,-1.21763,0.0340638,0.0254366,300
0.106,949.895,403.791,200000,-0.00363942,0.269841,0.0257711,0,100,0.126448,0.0945499,949.895,0.802349,0.452706,3,1,-1.2235,0.0341213,0.0255097,300
0.108,950.676,406.253,200000,-0.00360248,0.269773,0.0258412,0,100,0.12671,0.0948311,950.676,0.802501,0.452888,3,1,-1.22945,0.0341831,0.0255794,300
0.11,951.451,408.687,200000,-0.00356656,0.269705,0.0259107,0,100,0.126965,0.0951098,951.451,0.802652,0.453068,3,1,-1.23532,0.0342437,0.0256482,300
0.112,952.218,411.094,200000,-0.0035316,0.26964,0.0259804,0,100,0.12721,0.0953886,952.218,0.802804,0.453246,3,1,-1.24115,0.0343014,0.0257171,300
0.114,952.978,413.474,200000,-0.00349758,0.269575,0.0260501,0,100,0.127445,0.0956675,952.978,0.802956,0.453422,3,1,-1.24693,0.0343564,0.0257861,300
0.116,953.729,415.827,200000,-0.00346444,0.269512,0.0261199,0,100,0.127669,0.0959464,953.729,0.803108,0.453596,3,1,-1.25268,0.0344087,0.0258553,300
0.118,954.474,418.155,200000,-0.00343215,0.26945,0.0261898,0,100,0.127883,0.0962254,954.474,0.803261,0.453769,3,1,-1.25838,0.0344585,0.0259245,300
0.12,955.211,420.458,200000,-0.00340068,0.269389,0.0262598,0,100,0.128087,0.0965044,955.211,0.803414,0.453939,3,1,-1.26405,0.0345057,0.0259938,300
0.122,955.941,422.736,200000,-0.00336999,0.269329,0.0263299,0,100,0.128282,0.0967834,955.941,0.803567,0.454108,3,1,-1.26967,0.0345505,0.0260631,300
0.124,956.664,424.99,200000,-0.00334004,0.269271,0.0264,0,100,0.128468,0.0970623,956.664,0.80372,0.454275,3,1,-1.27526,0.034593,0.0261326,300
0.126,957.38,427.22,200000,-0.00331082,0.269213,0.0264702,0,100,0.128644,0.097341,957.38,0.803873,0.45444,3,1,-1.2808,0.0346331,0.026202,300
0.128,958.09,429.427,200000,-0.00328228,0.269157,0.0265404,0,100,0.128812,0.0976196,958.09,0.804027,0.454603,3,1,-1.28631,0.0346711,0.0262715,300
0.13,958.793,431.612,200000,-0.00325441,0.269101,0.0266106,0,100,0.128972,0.0978981,958.793,0.80418,0.454765,3,1,-1.29178,0.0347068,0.026341,300
0.132,959.49,433.774,200000,-0.00322717,0.269047,0.0266808,0,100,0.129123,0.0981763,959.49,0.804334,0.454925,3,1,-1.29721,0.0347405,0.0264106,300
0.134,960.18,435.915,200000,-0.00320055,0.268994,0.0267511,0,100,0.129266,0.0984543,960.18,0.804488,0.455084,3,1,-1.30261,0.0347721,0.0264801,300
0.136,960.864,438.034,200000,-0.00317452,0.268941,0.0268213,0,100,0.129402,0.098732,960.864,0.804642,0.455241,3,1,-1.30797,0.0348018,0.0265496,300
0.138,961.542,440.132,200000,-0.00314906,0.26889,0.0268915,0,100,0.12953,0.0990094,961.542,0.804796,0.455397,3,1,-1.31329,0.0348295,0.0266191,300
0.14,962.214,442.209,200000,-0.00312415,0.268839,0.0269617,0,100,0.12965,0.0992865,962.214,0.804951,0.455551,3,1,-1.31858,0.0348554,0.0266886,300
0.142,962.872,444.267,200000,-0.00309979,0.26879,0.0270313,0,100,0.129758,0.0995609,962.872,0.805105,0.455726,3,1,-1.32375,0.034878,0.0267576,300
0.144,963.435,446.306,200000,-0.00307617,0.268759,0.0271041,0,100,0.129709,0.0998404,963.435,0.805259,0.456158,3,1,-1.32794,0.0348608,0.0268294,300
0.146,963.996,448.328,200000,-0.00305302,0.268729,0.0271766,0,100,0.129658,0.100119,963.996,0.805414,0.456587,3,1,-1.33212,0.0348431,0.0269012,300
0.148,964.551,450.334,200000,-0.00303035,0.268698,0.0272477,0,100,0.129616,0.100392,964.551,0.805568,0.457012,3,1,-1.33628,0.0348278,0.0269789,300
0.15,965.114,452.324,200000,-0.0030081,0.268672,0.027327,0,100,0.129494,0.100694,965.114,0.805722,0.457431,3,1,-1.34046,0.0347918,0.0270402,300
0.152,965.623,454.298,200000,-0.00298643,0.268642,0.0273889,0,100,0.12949,0.100933,965.623,0.805876,0.45785,1,1,-1.32603,0.0347863,0.0271143,300
0.154,966.204,456.257,200000,-0.00296495,0.26861,0.0274635,0,100,0.129443,0.101221,966.204,0.80603,0.458264,3,1,-1.34867,0.0347699,0.0271922,300
0.156,966.757,458.199,200000,-0.00294396,0.268585,0.0275419,0,100,0.129316,0.101519,966.757,0.806184,0.458671,3,1,-1.3528,0.0347327,0.0272533,300
0.158,967.258,460.127,200000,-0.0029235,0.268556,0.0276034,0,100,0.129305,0.101757,967.258,0.806338,0.45908,1,1,-1.33862,0.0347254,0.0273266,300
0.16,967.829,462.039,200000,-0.0029032,0.268524,0.0276773,0,100,0.129252,0.102041,967.829,0.806492,0.459483,3,1,-1.36091,0.0347075,0.0274038,300
0.162,968.373,463.937,200000,-0.00288334,0.268501,0.027755,0,100,0.12912,0.102336,968.373,0.806646,0.45988,3,1,-1.36499,0.0346692,0.0274644,300
0.164,968.866,465.82,200000,-0.00286398,0.268473,0.0278161,0,100,0.129103,0.102572,968.866,0.806799,0.460277,1,1,-1.35105,0.0346603,0.0275371,300
0.166,969.428,467.688,200000,-0.00284475,0.268442,0.0278892,0,100,0.129044,0.102854,969.428,0.806953,0.46067,3,1,-1.37301,0.0346411,0.0276134,300
0.168,969.963,469.542,200000,-0.00282593,0.268419,0.027966,0,100,0.128909,0.103146,969.963,0.807106,0.461057,3,1,-1.37704,0.0346019,0.0276736,300
0.17,970.448,471.382,200000,-0.00280757,0.268392,0.0280267,0,100,0.128885,0.10338,970.448,0.807259,0.461445,1,1,-1.36333,0.0345915,0.0277455,300
0.172,971.001,473.208,200000,-0.00278932,0.268363,0.028099,0,100,0.128821,0.103658,971.001,0.807412,0.461828,3,1,-1.38497,0.0345711,0.0278211,300
0.174,971.528,475.021,200000,-0.00277144,0.268341,0.028175,0,100,0.128683,0.103947,971.528,0.807565,0.462206,3,1,-1.38895,0.0345311,0.0278808,300
0.176,972.005,476.819,200000,-0.00275399,0.268315,0.0282352,0,100,0.128653,0.104179,972.005,0.807718,0.462584,1,1,-1.37546,0.0345193,0.0279519,300
0.178,972.549,478.605,200000,-0.00273662,0.268286,0.0283067,0,100,0.128585,0.104455,972.549,0.807871,0.462957,3,1,-1.39678,0.0344978,0.0280267,300
0.18,973.067,480.377,200000,-0.00271961,0.268265,0.0283819,0,100,0.128443,0.10474,973.067,0.808024,0.463326,3,1,-1.40072,0.0344571,0.0280859,300
0.182,973.537,482.137,200000,-0.00270298,0.268239,0.0284416,0,100,0.128409,0.10497,973.537,0.808176,0.463694,1,1,-1.38744,0.0344441,0.0281562,300
0.184,974.072,483.883,200000,-0.00268643,0.268212,0.0285124,0,100,0.128337,0.105242,974.072,0.808329,0.464059,3,1,-1.40845,0.0344217,0.0282301,300
0.186,974.582,485.617,200000,-0.0026702,0.268191,0.0285867,0,100,0.128192,0.105525,974.582,0.808481,0.464418,3,1,-1.41231,0.0343803,0.0282889,300
0.188,975.047,487.338,200000,-0.00265433,0.268167,0.0286451,0,100,0.128158,0.10575,975.047,0.808633,0.464779,1,1,-1.39928,0.0343675,0.0283577,300
0.19,975.573,489.048,200000,-0.00263853,0.26814,0.0287045,0,100,0.128118,0.10598,975.573,0.808785,0.465136,1,1,-1.40326,0.0343536,0.028418,300
0.192,976.097,490.745,200000,-0.00262296,0.268115,0.0287639,0,100,0.128076,0.106209,976.097,0.808937,0.465491,1,1,-1.40723,0.034339,0.0284772,300
0.194,976.618,492.43,200000,-0.00260761,0.26809,0.0288233,0,100,0.128031,0.106438,976.618,0.809089,0.465843,1,1,-1.41118,0.0343238,0.028536,300
0.196,977.137,494.103,200000,-0.00259249,0.268066,0.0288825,0,100,0.127984,0.106666,977.137,0.809241,0.466192,1,1,-1.41511,0.0343082,0.0285946,300
0.198,977.653,495.765,200000,-0.00257758,0.268041,0.0289415,0,100,0.127937,0.106894,977.653,0.809393,0.466538,1,1,-1.41902,0.0342923,0.028653,300
0.2,978.167,497.415,200000,-0.00256288,0.268017,0.0290003,0,100,0.127888,0.107121,978.167,0.809545,0.466882,1,1,-1.42292,0.0342761,0.0287112,300
0.202,978.677,499.054,200000,-0.00254839,0.267994,0.029059,0,100,0.127837,0.107347,978.677,0.809697,0.467224,1,1,-1.42681,0.0342596,0.0287693,300
0.204,979.186,500.682,200000,-0.00253409,0.26797,0.0291174,0,100,0.127786,0.107573,979.186,0.809848,0.467562,1,1,-1.43067,0.0342428,0.0288271,300
0.206,979.691,502.299,200000,-0.00251999,0.267947,0.0291757,0,100,0.127733,0.107797,979.691,0.81,0.467898,1,1,-1.43452,0.0342257,0.0288848,300
0.208,980.194,503.904,200000,-0.00250607,0.267924,0.0292338,0,100,0.127679,0.108021,980.194,0.810151,0.468232,1,1,-1.43836,0.0342083,0.0289423,300
0.21,980.695,505.499,200000,-0.00249233,0.267901,0.0292917,0,100,0.127624,0.108245,980.695,0.810303,0.468563,1,1,-1.44218,0.0341906,0.0289997,300
0.212,981.193,507.084,200000,-0.00247877,0.267878,0.0293495,0,100,0.127568,0.108467,981.193,0.810454,0.468892,1,1,-1.44598,0.0341726,0.0290568,300
0.214,981.689,508.658,200000,-0.00246538,0.267856,0.029407,0,100,0.12751,0.108689,981.689,0.810605,0.469219,1,1,-1.44977,0.0341544,0.0291138,300
0.216,982.182,510.221,200000,-0.00245216,0.267834,0.0294644,0,100,0.127452,0.10891,982.182,0.810756,0.469543,1,1,-1.45354,0.0341359,0.0291705,300
0.218,982.672,511.774,200000,-0.0024391,0.267812,0.0295216,0,100,0.127392,0.10913,982.672,0.810907,0.469864,1,1,-1.45729,0.0341172,0.0292271,300
0.22,983.161,513.317,200000,-0.0024262,0.26779,0.0295786,0,100,0.127332,0.10935,983.161,0.811058,0.470184,1,1,-1.46103,0.0340983,0.0292835,300
0.222,983.647,514.85,200000,-0.00241345,0.267769,0.0296354,0,100,0.127271,0.109568,983.647,0.811209,0.470501,1,1,-1.46476,0.0340791,0.0293398,300
0.224,984.13,516.373,200000,-0.00240084,0.267748,0.029692,0,100,0.127208,0.109786,984.13,0.81136,0.470816,1,1,-1.46847,0.0340597,0.0293958,300
0.226,984.612,517.886,200000,-0.00238838,0.267726,0.0297484,0,100,0.127145,0.110004,984.612,0.81151,0.471128,1,1,-1.47216,0.03404,0.0294517,300
0.228,985.09,519.389,200000,-0.00237606,0.267706,0.0298047,0,100,0.127081,0.11022,985.09,0.811661,0.471439,1,1,-1.47584,0.0340202,0.0295073,300
0.23,985.567,520.883,200000,-0.00236388,0.267685,0.0298607,0,100,0.127016,0.110436,985.567,0.811811,0.471747,1,1,-1.4795,0.0340001,0.0295628,300
0.232,986.041,522.367,200000,-0.00235183,0.267664,0.0299166,0,100,0.12695,0.110651,986.041,0.811962,0.472053,1,1,-1.48315,0.0339799,0.0296181,300
0.234,986.513,523.842,200000,-0.0023399,0.267644,0.0299723,0,100,0.126883,0.110866,986.513,0.812112,0.472357,1,1,-1.48678,0.0339594,0.0296732,300
0.236,986.983,525.307,200000,-0.0023281,0.267624,0.0300278,0,100,0.126815,0.111079,986.983,0.812262,0.472659,1,1,-1.4904,0.0339388,0.0297282,300
0.238,987.451,526.764,200000,-0.00231642,0.267604,0.0300831,0,100,0.126747,0.111292,987.451,0.812412,0.472959,1,1,-1.49401,0.0339179,0.0297829,300
0.24,987.916,528.211,200000,-0.00230486,0.267584,0.0301382,0,100,0.126678,0.111504,987.916,0.812562,0.473257,1,1,-1.49759,0.0338969,0.0298375,300
0.242,988.379,529.649,200000,-0.00229341,0.267565,0.0301931,0,100,0.126608,0.111716,988.379,0.812712,0.473552,1,1,-1.50117,0.0338757,0.0298919,300
0.244,988.84,531.079,200000,-0.00228206,0.267546,0.0302479,0,100,0.126537,0.111926,988.84,0.812862,0.473846,1,1,-1.50473,0.0338544,0.029946,300
0.246,989.299,532.5,200000,-0.00227083,0.267526,0.0303024,0,100,0.126466,0.112136,989.299,0.813012,0.474138,1,1,-1.50827,0.0338329,0.0300001,300
0.248,989.756,533.911,200000,-0.00225969,0.267507,0.0303568,0,100,0.126393,0.112346,989.756,0.813161,0.474428,1,1,-1.5118,0.0338112,0.0300539,300
0.25,990.21,535.315,200000,-0.00224865,0.267489,0.030411,0,100,0.126321,0.112554,990.21,0.813311,0.474716,1,1,-1.51531,0.0337893,0.0301075,300
0.252,990.663,536.71,200000,-0.00223771,0.26747,0.030465,0,100,0.126247,0.112762,990.663,0.81346,0.475002,1,1,-1.51881,0.0337673,0.030161,300
0.254,991.113,538.096,200000,-0.00222686,0.267451,0.0305189,0,100,0.126173,0.112969,991.113,0.813609,0.475286,1,1,-1.5223,0.0337452,0.0302143,300
0.256,991.561,539.474,200000,-0.0022161,0.267433,0.0305725,0,100,0.126098,0.113175,991.561,0.813758,0.475568,1,1,-1.52577,0.0337229,0.0302674,300
0.258,992.008,540.844,200000,-0.00220543,0.267415,0.030626,0,100,0.126023,0.113381,992.008,0.813907,0.475849,1,1,-1.52923,0.0337004,0.0303203,300
0.26,992.452,542.206,200000,-0.00219483,0.267397,0.0306793,0,100,0.125947,0.113586,992.452,0.814056,0.476127,1,1,-1.53267,0.0336779,0.0303731,300
0.262,992.894,543.559,200000,-0.00218432,0.267379,0.0307324,0,100,0.125871,0.11379,992.894,0.814205,0.476404,1,1,-1.5361,0.0336552,0.0304256,300
0.264,993.334,544.905,200000,-0.00217388,0.267361,0.0307853,0,100,0.125793,0.113993,993.334,0.814354,0.476679,1,1,-1.53951,0.0336323,0.030478,300
0.266,993.772,546.243,200000,-0.00216352,0.267344,0.030838,0,100,0.125716,0.114196,993.772,0.814502,0.476953,1,1,-1.54291,0.0336093,0.0305302,300
0.268,994.209,547.573,200000,-0.00215323,0.267327,0.0308906,0,100,0.125637,0.114398,994.209,0.814651,0.477224,1,1,-1.5463,0.0335862,0.0305823,300
0.27,994.643,548.895,200000,-0.002143,0.267309,0.030943,0,100,0.125559,0.1146,994.643,0.814799,0.477494,1,1,-1.54967,0.033563,0.0306341,300
0.272,995.075,550.209,200000,-0.00213284,0.267292,0.0309952,0,100,0.125479,0.1148,995.075,0.814947,0.477762,1,1,-1.55303,0.0335396,0.0306858,300
0.274,995.506,551.516,200000,-0.00212274,0.267276,0.0310473,0,100,0.125399,0.115,995.506,0.815095,0.478029,1,1,-1.55637,0.0335162,0.0307373,300
0.276,995.934,552.816,200000,-0.0021127,0.267259,0.0310991,0,100,0.125319,0.1152,995.934,0.815243,0.478294,1,1,-1.55971,0.0334926,0.0307886,300
0.278,996.361,554.108,200000,-0.00210271,0.267242,0.0311508,0,100,0.125238,0.115398,996.361,0.815391,0.478557,1,1,-1.56302,0.0334689,0.0308398,300
0.28,996.786,555.392,200000,-0.00209278,0.267226,0.0312023,0,100,0.125157,0.115596,996.786,0.815539,0.478818,1,1,-1.56633,0.033445,0.0308908,300
0.282,997.223,556.67,200000,-0.00208287,0.267207,0.0312534,0,100,0.125095,0.115793,997.223,0.815686,0.479032,1,1,-1.56979,0.0334263,0.0309414,300
0.284,997.672,557.94,200000,-0.00207298,0.267186,0.0313034,0,100,0.125059,0.115988,997.672,0.815834,0.479195,1,1,-1.57343,0.0334141,0.0309909,300
0.286,998.119,559.204,200000,-0.00206313,0.267165,0.0313534,0,100,0.125023,0.116182,998.119,0.815981,0.479356,1,1,-1.57705,0.0334016,0.0310404,300
0.288,998.564,560.46,200000,-0.00205333,0.267144,0.0314032,0,100,0.124985,0.116376,998.564,0.816129,0.479517,1,1,-1.58066,0.0333889,0.0310897,300
0.29,999.007,561.71,200000,-0.00204357,0.267123,0.0314529,0,100,0.124946,0.116569,999.007,0.816276,0.479677,1,1,-1.58425,0.0333759,0.0311388,300
0.292,999.448,562.953,200000,-0.00203385,0.267102,0.0315024,0,100,0.124906,0.116762,999.448,0.816423,0.479835,1,1,-1.58776,0.0333626,0.0311879,300
0.294,999.887,564.189,200000,-0.00202416,0.267082,0.0315518,0,100,0.124865,0.116954,999.887,0.81657,0.479993,1,1,-1.59125,0.0333491,0.0312368,300
0.296,1000.35,565.419,200000,-0.00201446,0.26706,0.0315935,0,100,0.124865,0.117118,1000.35,0.816717,0.480152,1,1,-1.59499,0.0333464,0.0312784,300
0.298,1000.82,566.642,200000,-0.00200476,0.267039,0.0316327,0,100,0.124876,0.117273,1000.82,0.816864,0.48031,1,1,-1.5986,0.0333467,0.0313172,300
0.3,1001.28,567.859,200000,-0.0019951,0.267017,0.0316718,0,100,0.124885,0.117427,1001.28,0.817011,0.480468,1,1,-1.60219,0.0333466,0.0313559,300
0.302,1001.75,569.07,200000,-0.00198546,0.266996,0.0317109,0,100,0.124894,0.117581,1001.75,0.817158,0.480624,1,1,-1.60576,0.0333462,0.0313946,300
0.304,1002.21,570.274,200000,-0.00197585,0.266975,0.0317498,0,100,0.124901,0.117735,1002.21,0.817305,0.48078,1,1,-1.60932,0.0333455,0.0314332,300
0.306,1002.67,571.472,200000,-0.00196626,0.266954,0.0317888,0,100,0.124906,0.117889,1002.67,0.817452,0.480935,1,1,-1.61287,0.0333444,0.0314717,300
0.308,1003.13,572.664,200000,-0.00195668,0.266934,0.0318277,0,100,0.124911,0.118042,1003.13,0.817599,0.481089,1,1,-1.61639,0.033343,0.0315102,300
0.31,1003.59,573.85,200000,-0.00194712,0.266913,0.0318665,0,100,0.124914,0.118195,1003.59,0.817746,0.481243,1,1,-1.61991,0.0333412,0.0315486,300
0.312,1004.04,575.03,200000,-0.00193758,0.266893,0.0319052,0,100,0.124916,0.118348,1004.04,0.817893,0.481395,1,1,-1.62341,0.0333392,0.031587,300
0.314,1004.5,576.204,200000,-0.00192805,0.266873,0.0319439,0,100,0.124916,0.1185,1004.5,0.81804,0.481547,1,1,-1.62689,0.0333368,0.0316253,300
0.316,1004.95,577.373,200000,-0.00191853,0.266853,0.0319825,0,100,0.124915,0.118652,1004.95,0.818187,0.481698,1,1,-1.63036,0.0333341,0.0316635,300
0.318,1005.4,578.535,200000,-0.00190901,0.266834,0.0320211,0,100,0.124913,0.118804,1005.4,0.818333,0.481849,1,1,-1.63382,0.033331,0.0317017,300
0.32,1005.84,579.691,200000,-0.0018995,0.266814,0.0320596,0,100,0.124909,0.118955,1005.84,0.81848,0.481998,1,1,-1.63726,0.0333277,0.0317398,300
0.322,1006.29,580.842,200000,-0.00189,0.266795,0.0320981,0,100,0.124905,0.119107,1006.29,0.818627,0.482147,1,1,-1.64068,0.033324,0.0317779,300
0.324,1006.73,581.987,200000,-0.00188049,0.266776,0.0321365,0,100,0.124899,0.119258,1006.73,0.818773,0.482295,1,1,-1.64409,0.0333201,0.0318159,300
0.326,1007.17,583.127,200000,-0.00187099,0.266757,0.0321748,0,100,0.124892,0.119408,1007.17,0.81892,0.482442,1,1,-1.64749,0.0333158,0.0318538,300
0.328,1007.61,584.26,200000,-0.00186147,0.266738,0.0322131,0,100,0.124883,0.119559,1007.61,0.819066,0.482589,1,1,-1.65087,0.0333112,0.0318917,300
0.33,1008.05,585.388,200000,-0.00185196,0.26672,0.0322513,0,100,0.124873,0.119709,1008.05,0.819213,0.482734,1,1,-1.65424,0.0333063,0.0319295,300
0.332,1008.49,586.511,200000,-0.00184243,0.266702,0.0322894,0,100,0.124863,0.119859,1008.49,0.819359,0.482879,1,1,-1.65759,0.0333011,0.0319673,300
0.334,1008.92,587.628,200000,-0.0018329,0.266683,0.0323275,0,100,0.12485,0.120008,1008.92,0.819506,0.483024,1,1,-1.66093,0.0332956,0.032005,300
0.336,1009.35,588.74,200000,-0.00182335,0.266665,0.0323656,0,100,0.124837,0.120158,1009.35,0.819652,0.483167,1,1,-1.66426,0.0332898,0.0320426,300
0.338,1009.78,589.847,200000,-0.00181379,0.266648,0.0324036,0,100,0.124823,0.120307,1009.78,0.819798,0.48331,1,1,-1.66757,0.0332837,0.0320803,300
0.34,1010.21,590.948,200000,-0.00180421,0.26663,0.0324415,0,100,0.124807,0.120456,1010.21,0.819944,0.483453,1,1,-1.67087,0.0332773,0.0321178,300
0.342,1010.64,592.044,200000,-0.00179462,0.266612,0.0324794,0,100,0.12479,0.120604,1010.64,0.82009,0.483594,1,1,-1.67415,0.0332706,0.0321553,300
0.344,1011.07,593.134,200000,-0.001785,0.266595,0.0325172,0,100,0.124772,0.120753,1011.07,0.820237,0.483735,1,1,-1.67742,0.0332636,0.0321927,300
0.346,1011.49,594.219,200000,-0.00177536,0.266578,0.032555,0,100,0.124753,0.120901,1011.49,0.820383,0.483875,1,1,-1.68068,0.0332563,0.0322301,300
0.348,1011.91,595.3,200000,-0.0017657,0.266561,0.0325927,0,100,0.124732,0.121048,1011.91,0.820528,0.484015,1,1,-1.68392,0.0332488,0.0322675,300
0.35,1012.33,596.375,200000,-0.00175602,0.266544,0.0326304,0,100,0.124711,0.121196,1012.33,0.820674,0.484154,1,1,-1.68715,0.0332409,0.0323048,300
0.352,1012.75,597.445,200000,-0.0017463,0.266528,0.032668,0,100,0.124688,0.121343,1012.75,0.82082,0.484292,1,1,-1.69037,0.0332328,0.032342,300
0.354,1013.17,598.51,200000,-0.00173656,0.266511,0.0327056,0,100,0.124664,0.12149,1013.17,0.820966,0.484429,1,1,-1.69357,0.0332244,0.0323792,300
0.356,1013.58,599.57,200000,-0.00172678,0.266495,0.0327431,0,100,0.124639,0.121637,1013.58,0.821111,0.484566,1,1,-1.69676,0.0332157,0.0324163,300
0.358,1014,600.625,200000,-0.00171697,0.266479,0.0327806,0,100,0.124613,0.121784,1014,0.821257,0.484703,1,1,-1.69994,0.0332067,0.0324534,300
0.36,1014.41,601.675,200000,-0.00170713,0.266463,0.032818,0,100,0.124585,0.12193,1014.41,0.821403,0.484838,1,1,-1.7031,0.0331974,0.0324904,300
0.362,1014.82,602.72,200000,-0.00169724,0.266447,0.0328554,0,100,0.124557,0.122076,1014.82,0.821548,0.484973,1,1,-1.70625,0.0331879,0.0325274,300
0.364,1015.23,603.761,200000,-0.00168732,0.266431,0.0328927,0,100,0.124528,0.122222,1015.23,0.821693,0.485108,1,1,-1.70938,0.0331781,0.0325644,300
0.366,1015.64,604.797,200000,-0.00167736,0.266416,0.03293,0,100,0.124497,0.122368,1015.64,0.821838,0.485241,1,1,-1.71251,0.033168,0.0326013,300
0.368,1016.04,605.828,200000,-0.00166736,0.2664,0.0329672,0,100,0.124465,0.122513,1016.04,0.821984,0.485374,1,1,-1.71562,0.0331576,0.0326381,300
0.37,1016.45,606.854,200000,-0.00165732,0.266385,0.0330044,0,100,0.124432,0.122658,1016.45,0.822129,0.485507,1,1,-1.71871,0.033147,0.0326749,300
0.372,1016.85,607.875,200000,-0.00164722,0.26637,0.0330415,0,100,0.124399,0.122803,1016.85,0.822274,0.485639,1,1,-1.7218,0.0331361,0.0327117,300
0.374,1017.25,608.892,200000,-0.00163708,0.266355,0.0330786,0,100,0.124364,0.122948,1017.25,0.822419,0.48577,1,1,-1.72487,0.0331249,0.0327484,300
0.376,1017.65,609.905,200000,-0.0016269,0.266341,0.0331156,0,100,0.124328,0.123092,1017.65,0.822563,0.485901,1,1,-1.72793,0.0331135,0.032785,300
0.378,1018.05,610.913,200000,-0.00161666,0.266326,0.0331526,0,100,0.12429,0.123236,1018.05,0.822708,0.486031,1,1,-1.73097,0.0331018,0.0328216,300
0.38,1018.45,611.916,200000,-0.00160637,0.266312,0.0331895,0,100,0.124252,0.12338,1018.45,0.822853,0.48616,1,1,-1.73401,0.0330899,0.0328582,300
0.382,1018.85,612.915,200000,-0.00159603,0.266297,0.0332264,0,100,0.124213,0.123524,1018.85,0.822997,0.486289,1,1,-1.73703,0.0330777,0.0328947,300
0.384,1019.24,613.909,200000,-0.00158563,0.266283,0.0332633,0,100,0.124173,0.123668,1019.24,0.823141,0.486418,1,1,-1.74003,0.0330652,0.0329312,300
0.386,1019.63,614.899,200000,-0.00157517,0.266269,0.0333001,0,100,0.124132,0.123811,1019.63,0.823286,0.486545,1,1,-1.74303,0.0330525,0.0329676,300
0.388,1020.02,615.884,200000,-0.00156466,0.266256,0.0333369,0,100,0.124089,0.123954,1020.02,0.82343,0.486673,1,1,-1.74601,0.0330395,0.033004,300
0.39,1020.42,616.865,200000,-0.00155409,0.266242,0.0333736,0,100,0.124046,0.124097,1020.42,0.823574,0.486799,1,1,-1.74898,0.0330262,0.0330404,300
0.392,1020.8,617.842,200000,-0.00154346,0.266228,0.0334103,0,100,0.124002,0.12424,1020.8,0.823718,0.486925,1,1,-1.75194,0.0330128,0.0330767,300
0.394,1021.19,618.815,200000,-0.00153276,0.266215,0.0334469,0,100,0.123956,0.124382,1021.19,0.823862,0.487051,1,1,-1.75489,0.032999,0.0331129,300
0.396,1021.58,619.783,200000,-0.001522,0.266202,0.0334835,0,100,0.12391,0.124525,1021.58,0.824006,0.487176,1,1,-1.75782,0.032985,0.0331491,300
0.398,1021.96,620.747,200000,-0.00151117,0.266189,0.03352,0,100,0.123862,0.124667,1021.96,0.824149,0.4873,1,1,-1.76075,0.0329708,0.0331853,300
0.4,1022.35,621.707,200000,-0.00150028,0.266176,0.0335565,0,100,0.123814,0.124808,1022.35,0.824293,0.487424,1,1,-1.76366,0.0329563,0.0332214,300
0.402,1022.73,622.663,200000,-0.00148932,0.266163,0.033593,0,100,0.123765,0.12495,1022.73,0.824436,0.487548,1,1,-1.76656,0.0329416,0.0332575,300
0.404,1023.11,623.614,200000,-0.00147829,0.26615,0.0336294,0,100,0.123714,0.125091,1023.11,0.824579,0.48767,1,1,-1.76944,0.0329266,0.0332936,300
0.406,1023.49,624.562,200000,-0.00146719,0.266138,0.0336658,0,100,0.123663,0.125233,1023.49,0.824722,0.487793,1,1,-1.77232,0.0329114,0.0333296,300
0.408,1023.87,625.505,200000,-0.00145602,0.266125,0.0337021,0,100,0.123611,0.125374,1023.87,0.824865,0.487914,1,1,-1.77518,0.032896,0.0333655,300
0.41,1024.24,626.445,200000,-0.00144477,0.266113,0.0337384,0,100,0.123558,0.125514,1024.24,0.825008,0.488036,1,1,-1.778,0.0328803,0.0334015,300
0.412,1024.62,627.38,200000,-0.00143345,0.266101,0.0337747,0,100,0.123503,0.125655,1024.62,0.825151,0.488156,1,1,-1.78078,0.0328644,0.0334374,300
0.414,1024.99,628.312,200000,-0.00142206,0.266089,0.0338109,0,100,0.123448,0.125795,1024.99,0.825294,0.488277,1,1,-1.78355,0.0328483,0.0334732,300
0.416,1025.39,629.239,200000,-0.00141054,0.266076,0.0338376,0,100,0.123442,0.125901,1025.39,0.825436,0.488398,1,1,-1.78657,0.0328451,0.0335001,300
0.418,1025.79,630.163,200000,-0.00139895,0.266063,0.0338644,0,100,0.123435,0.126007,1025.79,0.825579,0.488519,1,1,-1.78943,0.0328415,0.0335266,300
0.42,1026.2,631.083,200000,-0.00138727,0.26605,0.0338911,0,100,0.123426,0.126112,1026.2,0.825721,0.48864,1,1,-1.79228,0.0328375,0.0335531,300
0.422,1026.59,632,200000,-0.00137551,0.266037,0.0339179,0,100,0.123416,0.126218,1026.59,0.825863,0.48876,1,1,-1.79511,0.0328333,0.0335796,300
0.424,1026.99,632.913,200000,-0.00136367,0.266025,0.0339447,0,100,0.123404,0.126324,1026.99,0.826006,0.48888,1,1,-1.79793,0.0328287,0.0336061,300
0.426,1027.39,633.822,200000,-0.00135175,0.266013,0.0339715,0,100,0.123392,0.126429,1027.39,0.826148,0.488999,1,1,-1.80075,0.0328238,0.0336326,300
0.428,1027.78,634.727,200000,-0.00133974,0.266,0.0339983,0,100,0.123378,0.126535,1027.78,0.82629,0.489117,1,1,-1.80355,0.0328186,0.0336591,300
0.43,1028.18,635.629,200000,-0.00132764,0.265988,0.0340252,0,100,0.123363,0.126641,1028.18,0.826432,0.489236,1,1,-1.80634,0.0328131,0.0336857,300
0.432,1028.57,636.527,200000,-0.00131546,0.265976,0.034052,0,100,0.123346,0.126746,1028.57,0.826574,0.489353,1,1,-1.80912,0.0328073,0.0337123,300
0.434,1028.96,637.422,200000,-0.00130319,0.265965,0.0340789,0,100,0.123329,0.126852,1028.96,0.826716,0.489471,1,1,-1.81188,0.0328011,0.0337389,300
0.436,1029.35,638.313,200000,-0.00129083,0.265953,0.0341058,0,100,0.12331,0.126957,1029.35,0.826857,0.489587,1,1,-1.81464,0.0327947,0.0337655,300
0.438,1029.74,639.2,200000,-0.00127837,0.265942,0.0341327,0,100,0.12329,0.127063,1029.74,0.826999,0.489704,1,1,-1.81738,0.032788,0.0337921,300
0.44,1030.13,640.084,200000,-0.00126583,0.26593,0.0341596,0,100,0.123269,0.127169,1030.13,0.82714,0.48982,1,1,-1.82011,0.032781,0.0338187,300
0.442,1030.52,640.965,200000,-0.00125319,0.265919,0.0341865,0,100,0.123246,0.127274,1030.52,0.827282,0.489935,1,1,-1.82283,0.0327736,0.0338454,300
0.444,1030.9,641.842,200000,-0.00124046,0.265908,0.0342134,0,100,0.123223,0.12738,1030.9,0.827423,0.49005,1,1,-1.82554,0.032766,0.033872,300
0.446,1031.29,642.716,200000,-0.00122764,0.265897,0.0342404,0,100,0.123198,0.127485,1031.29,0.827564,0.490165,1,1,-1.82824,0.0327581,0.0338987,300
0.448,1031.67,643.587,200000,-0.00121472,0.265886,0.0342673,0,100,0.123172,0.127591,1031.67,0.827705,0.490279,1,1,-1.83093,0.0327499,0.0339254,300
0.45,1032.06,644.454,200000,-0.00120169,0.265874,0.0342939,0,100,0.123156,0.127696,1032.06,0.827846,0.490369,1,1,-1.8337,0.0327441,0.0339517,300
0.452,1032.46,645.318,200000,-0.00118856,0.265861,0.0343199,0,100,0.123151,0.127799,1032.46,0.827987,0.490434,1,1,-1.83656,0.0327413,0.0339774,300
0.454,1032.85,646.179,200000,-0.00117532,0.265849,0.0343459,0,100,0.123146,0.127902,1032.85,0.828128,0.490498,1,1,-1.83941,0.0327382,0.0340032,300
0.456,1033.24,647.036,200000,-0.00116199,0.265836,0.0343719,0,100,0.123139,0.128005,1033.24,0.828269,0.490563,1,1,-1.84225,0.0327348,0.0340289,300
0.458,1033.63,647.891,200000,-0.00114855,0.265823,0.034398,0,100,0.12313,0.128108,1033.63,0.828409,0.490627,1,1,-1.84508,0.032731,0.0340547,300
0.46,1034.02,648.742,200000,-0.001135,0.265811,0.0344241,0,100,0.123121,0.128211,1034.02,0.82855,0.49069,1,1,-1.84789,0.0327269,0.0340805,300
0.462,1034.41,649.59,200000,-0.00112136,0.265799,0.0344502,0,100,0.12311,0.128314,1034.41,0.82869,0.490754,1,1,-1.8507,0.0327225,0.0341064,300
0.464,1034.8,650.436,200000,-0.0011076,0.265787,0.0344763,0,100,0.123098,0.128417,1034.8,0.828831,0.490817,1,1,-1.8535,0.0327178,0.0341322,300
0.466,1035.19,651.278,200000,-0.00109374,0.265775,0.0345025,0,100,0.123084,0.12852,1035.19,0.828971,0.49088,1,1,-1.85628,0.0327127,0.0341581,300
0.468,1035.57,652.117,200000,-0.00107978,0.265763,0.0345287,0,100,0.123069,0.128624,1035.57,0.829111,0.490943,1,1,-1.85905,0.0327074,0.0341841,300
0.47,1035.96,652.954,200000,-0.0010657,0.265751,0.0345549,0,100,0.123054,0.128727,1035.96,0.829251,0.491006,1,1,-1.86182,0.0327017,0.03421,300
0.472,1036.34,653.787,200000,-0.00105152,0.26574,0.0345811,0,100,0.123036,0.12883,1036.34,0.829391,0.491068,1,1,-1.86457,0.0326957,0.034236,300
0.474,1036.72,654.617,200000,-0.00103723,0.265729,0.0346074,0,100,0.123018,0.128934,1036.72,0.829531,0.491131,1,1,-1.86731,0.0326894,0.034262,300
0.476,1037.11,655.445,200000,-0.00102282,0.265717,0.0346337,0,100,0.122998,0.129037,1037.11,0.829671,0.491193,1,1,-1.87005,0.0326828,0.034288,300
0.478,1037.49,656.269,200000,-0.00100831,0.265706,0.03466,0,100,0.122977,0.12914,1037.49,0.82981,0.491255,1,1,-1.87277,0.0326759,0.034314,300
0.48,1037.87,657.091,200000,-0.000993678,0.265695,0.0346863,0,100,0.122955,0.129244,1037.87,0.82995,0.491316,1,1,-1.87548,0.0326687,0.0343401,300
0.482,1038.24,657.909,200000,-0.000978936,0.265684,0.0347127,0,100,0.122932,0.129347,1038.24,0.830089,0.491378,1,1,-1.87818,0.0326612,0.0343662,300
0.484,1038.62,658.725,200000,-0.000964081,0.265674,0.0347391,0,100,0.122908,0.129451,1038.62,0.830228,0.491439,1,1,-1.88088,0.0326534,0.0343923,300
0.486,1039,659.538,200000,-0.000949111,0.265663,0.0347655,0,100,0.122882,0.129554,1039,0.830367,0.4915,1,1,-1.88356,0.0326453,0.0344184,300
0.488,1039.37,660.348,200000,-0.000934025,0.265653,0.0347919,0,100,0.122855,0.129658,1039.37,0.830506,0.491561,1,1,-1.88623,0.0326369,0.0344446,300
0.49,1039.75,661.155,200000,-0.000918824,0.265642,0.0348183,0,100,0.122827,0.129761,1039.75,0.830645,0.491622,1,1,-1.88889,0.0326282,0.0344707,300
0.492,1040.12,661.96,200000,-0.000903505,0.265632,0.0348448,0,100,0.122798,0.129865,1040.12,0.830784,0.491682,1,1,-1.89154,0.0326193,0.0344969,300
0.494,1040.49,662.761,200000,-0.000888069,0.265622,0.0348713,0,100,0.122768,0.129969,1040.49,0.830923,0.491743,1,1,-1.89418,0.03261,0.0345231,300
0.496,1040.86,663.56,200000,-0.000872515,0.265612,0.0348978,0,100,0.122737,0.130072,1040.86,0.831061,0.491803,1,1,-1.89682,0.0326005,0.0345494,300
0.498,1041.23,664.356,200000,-0.000856842,0.265602,0.0349243,0,100,0.122704,0.130176,1041.23,0.831199,0.491863,1,1,-1.89944,0.0325907,0.0345756,300
0.5,1041.6,665.15,200000,-0.000841046,0.265593,0.0349509,0,100,0.122671,0.13028,1041.6,0.831338,0.491922,1,1,-1.90205,0.0325805,0.0346019,300
0.502,1041.97,665.94,200000,-0.000825133,0.265583,0.0349774,0,100,0.122636,0.130383,1041.97,0.831476,0.491982,1,1,-1.90466,0.0325701,0.0346282,300
0.504,1042.34,666.728,200000,-0.000809103,0.265574,0.035004,0,100,0.1226,0.130487,1042.34,0.831614,0.492041,1,1,-1.90725,0.0325594,0.0346545,300
0.506,1042.7,667.513,200000,-0.000792954,0.265565,0.0350306,0,100,0.122563,0.130591,1042.7,0.831751,0.4921,1,1,-1.90983,0.0325484,0.0346808,300
0.508,1043.07,668.295,200000,-0.000776686,0.265555,0.0350573,0,100,0.122525,0.130695,1043.07,0.831889,0.492159,1,1,-1.9124,0.0325371,0.0347072,300
0.51,1043.43,669.074,200000,-0.000760299,0.265546,0.0350839,0,100,0.122485,0.130798,1043.43,0.832026,0.492218,1,1,-1.91497,0.0325255,0.0347336,300
0.512,1043.8,669.85,200000,-0.000743793,0.265538,0.0351106,0,100,0.122444,0.130902,1043.8,0.832164,0.492277,1,1,-1.91752,0.0325137,0.03476,300
0.514,1044.16,670.623,200000,-0.000727166,0.265529,0.0351373,0,100,0.122403,0.131006,1044.16,0.832301,0.492335,1,1,-1.92006,0.0325015,0.0347864,300
0.516,1044.52,671.394,200000,-0.000710419,0.26552,0.035164,0,100,0.12236,0.13111,1044.52,0.832438,0.492393,1,1,-1.92259,0.0324891,0.0348128,300
0.518,1044.88,672.162,200000,-0.000693551,0.265512,0.0351907,0,100,0.122316,0.131214,1044.88,0.832575,0.492451,1,1,-1.92511,0.0324764,0.0348393,300
0.52,1045.24,672.928,200000,-0.000676562,0.265503,0.0352174,0,100,0.122271,0.131318,1045.24,0.832712,0.492509,1,1,-1.92762,0.0324634,0.0348657,300
0.522,1045.59,673.69,200000,-0.000659451,0.265495,0.0352442,0,100,0.122225,0.131421,1045.59,0.832848,0.492567,1,1,-1.93013,0.0324501,0.0348922,300
0.524,1045.95,674.45,200000,-0.000642217,0.265487,0.035271,0,100,0.122178,0.131525,1045.95,0.832985,0.492624,1,1,-1.93262,0.0324366,0.0349187,300
0.526,1046.31,675.208,200000,-0.000624861,0.265479,0.0352978,0,100,0.122129,0.131629,1046.31,0.833121,0.492681,1,1,-1.9351,0.0324229,0.0349452,300
0.528,1046.66,675.962,200000,-0.000607382,0.265471,0.0353246,0,100,0.12208,0.131733,1046.66,0.833257,0.492738,1,1,-1.93757,0.0324088,0.0349717,300
0.53,1047.02,676.714,200000,-0.00058978,0.265463,0.0353514,0,100,0.12203,0.131837,1047.02,0.833393,0.492795,1,1,-1.94003,0.0323945,0.0349983,300
0.532,1047.37,677.464,200000,-0.000572054,0.265456,0.0353782,0,100,0.121979,0.131941,1047.37,0.833528,0.492852,1,1,-1.94249,0.03238,0.0350248,300
0.534,1047.72,678.21,200000,-0.000554204,0.265448,0.035405,0,100,0.121926,0.132044,1047.72,0.833664,0.492908,1,1,-1.94493,0.0323652,0.0350514,300
0.536,1048.07,678.955,200000,-0.00053623,0.265441,0.0354319,0,100,0.121873,0.132148,1048.07,0.833799,0.492965,1,1,-1.94737,0.0323502,0.0350779,300
0.538,1048.42,679.696,200000,-0.000518132,0.265434,0.0354587,0,100,0.121819,0.132252,1048.42,0.833935,0.493021,1,1,-1.94979,0.0323349,0.0351045,300
0.54,1048.77,680.435,200000,-0.000499908,0.265426,0.0354856,0,100,0.121764,0.132356,1048.77,0.83407,0.493077,1,1,-1.9522,0.0323194,0.0351311,300
0.542,1049.12,681.172,200000,-0.00048156,0.265419,0.0355124,0,100,0.121708,0.13246,1049.12,0.834204,0.493133,1,1,-1.9546,0.0323036,0.0351577,300
0.544,1049.47,681.906,200000,-0.000463086,0.265412,0.0355393,0,100,0.121651,0.132563,1049.47,0.834339,0.493188,1,1,-1.95697,0.0322876,0.0351843,300
0.546,1049.81,682.637,200000,-0.000444486,0.265406,0.0355662,0,100,0.121593,0.132667,1049.81,0.834474,0.493244,1,1,-1.95932,0.0322714,0.0352109,300
0.548,1050.19,683.366,200000,-0.000425748,0.265398,0.0355901,0,100,0.121555,0.13276,1050.19,0.834608,0.4933,3,1,-1.97097,0.0322606,0.0352342,300
0.55,1050.56,684.093,200000,-0.000406882,0.265392,0.03561,0,100,0.121526,0.132837,1050.56,0.834742,0.493356,2,1,-1.97336,0.0322521,0.0352509,300
0.552,1050.93,684.817,200000,-0.000387889,0.265384,0.035629,0,100,0.121506,0.132912,1050.93,0.834876,0.493413,2,1,-1.97573,0.0322458,0.0352697,300
0.554,1051.3,685.539,200000,-0.000368768,0.265377,0.035648,0,100,0.121484,0.132986,1051.3,0.83501,0.493469,2,1,-1.9781,0.0322391,0.0352885,300
0.556,1051.67,686.259,200000,-0.000349518,0.26537,0.035667,0,100,0.121461,0.133061,1051.67,0.835144,0.493525,2,1,-1.98045,0.0322322,0.0353074,300
0.558,1052.03,686.976,200000,-0.000330139,0.265363,0.0356861,0,100,0.121437,0.133136,1052.03,0.835277,0.493581,2,1,-1.9828,0.032225,0.0353263,300
0.56,1052.4,687.692,200000,-0.00031063,0.265356,0.0357053,0,100,0.121412,0.13321,1052.4,0.835411,0.493637,2,1,-1.98513,0.0322175,0.0353453,300
0.562,1052.76,688.404,200000,-0.000290992,0.265349,0.0357244,0,100,0.121386,0.133285,1052.76,0.835544,0.493693,2,1,-1.98746,0.0322097,0.0353643,300
0.564,1053.13,689.115,200000,-0.000271225,0.265343,0.0357437,0,100,0.121359,0.133361,1053.13,0.835677,0.493748,2,1,-1.98978,0.0322017,0.0353833,300
0.566,1053.49,689.823,200000,-0.000251327,0.265336,0.0357629,0,100,0.12133,0.133436,1053.49,0.83581,0.493804,2,1,-1.99209,0.0321934,0.0354024,300
0.568,1053.85,690.529,200000,-0.0002313,0.26533,0.0357822,0,100,0.121301,0.133511,1053.85,0.835943,0.493859,2,1,-1.99439,0.0321848,0.0354215,300
0.57,1054.21,691.233,200000,-0.000211143,0.265323,0.0358016,0,100,0.12127,0.133586,1054.21,0.836075,0.493914,2,1,-1.99669,0.0321759,0.0354407,300
0.572,1054.57,691.935,200000,-0.000190855,0.265317,0.035821,0,100,0.121239,0.133662,1054.57,0.836208,0.493969,2,1,-1.99897,0.0321668,0.0354599,300
0.574,1054.93,692.634,200000,-0.000170437,0.265311,0.0358404,0,100,0.121206,0.133737,1054.93,0.83634,0.494024,2,1,-2.00125,0.0321574,0.0354791,300
0.576,1055.29,693.332,200000,-0.000149888,0.265305,0.0358599,0,100,0.121173,0.133813,1055.29,0.836472,0.494078,2,1,-2.00352,0.0321478,0.0354984,300
0.578,1055.65,694.027,200000,-0.000129208,0.265299,0.0358794,0,100,0.121138,0.133889,1055.65,0.836604,0.494133,2,1,-2.00577,0.0321379,0.0355177,300
0.58,1056.01,694.72,200000,-0.000108398,0.265293,0.0358989,0,100,0.121102,0.133965,1056.01,0.836736,0.494187,2,1,-2.00802,0.0321277,0.0355371,300
0.582,1056.36,695.411,200000,-8.7457e-05,0.265288,0.0359185,0,100,0.121066,0.134041,1056.36,0.836868,0.494241,2,1,-2.01027,0.0321173,0.0355565,300
0.584,1056.72,696.099,200000,-6.63851e-05,0.265282,0.0359381,0,100,0.121028,0.134116,1056.72,0.836999,0.494295,2,1,-2.0125,0.0321067,0.0355759,300
0.586,1057.07,696.786,200000,-4.51822e-05,0.265276,0.0359577,0,100,0.12099,0.134193,1057.07,0.83713,0.494349,2,1,-2.01473,0.0320958,0.0355953,300
0.588,1057.43,697.47,200000,-2.38483e-05,0.265271,0.0359774,0,100,0.12095,0.134269,1057.43,0.837262,0.494403,2,1,-2.01694,0.0320847,0.0356148,300
0.59,1057.78,698.153,200000,-2.38335e-06,0.265266,0.0359971,0,100,0.12091,0.134345,1057.78,0.837393,0.494456,2,1,-2.01915,0.0320734,0.0356343,300
0.592,1058.13,698.833,200000,1.92126e-05,0.265261,0.0360168,0,100,0.120869,0.134421,1058.13,0.837523,0.49451,2,1,-2.02135,0.0320618,0.0356538,300
0.594,1058.48,699.511,200000,4.09397e-05,0.265256,0.0360365,0,100,0.120827,0.134497,1058.48,0.837654,0.494563,2,1,-2.02355,0.03205,0.0356734,300
0.596,1058.83,700.187,200000,6.27978e-05,0.26525,0.0360563,0,100,0.120784,0.134574,1058.83,0.837784,0.494616,2,1,-2.02573,0.032038,0.035693,300
0.598,1059.18,700.861,200000,8.47869e-05,0.265246,0.0360761,0,100,0.12074,0.13465,1059.18,0.837914,0.494669,2,1,-2.02791,0.0320258,0.0357126,300
0.6,1059.53,701.533,200000,0.000106907,0.265241,0.0360959,0,100,0.120695,0.134727,1059.53,0.838044,0.494722,2,1,-2.03008,0.0320133,0.0357322,300
0.602,1059.88,702.204,200000,0.000129158,0.265236,0.0361158,0,100,0.120649,0.134803,1059.88,0.838174,0.494774,2,1,-2.03224,0.0320006,0.0357519,300
0.604,1060.23,702.872,200000,0.00015154,0.265231,0.0361357,0,100,0.120603,0.13488,1060.23,0.838304,0.494827,2,1,-2.03439,0.0319878,0.0357716,300
0.606,1060.57,703.538,200000,0.000174053,0.265227,0.0361556,0,100,0.120556,0.134956,1060.57,0.838433,0.494879,2,1,-2.03654,0.0319747,0.0357913,300
0.608,1060.92,704.202,200000,0.000196696,0.265222,0.0361755,0,100,0.120508,0.135033,1060.92,0.838562,0.494931,2,1,-2.03868,0.0319614,0.035811,300
0.61,1061.26,704.864,200000,0.000219471,0.265218,0.0361954,0,100,0.120459,0.135109,1061.26,0.838691,0.494984,2,1,-2.04081,0.0319479,0.0358308,300
0.612,1061.61,705.524,200000,0.000242375,0.265214,0.0362154,0,100,0.120409,0.135186,1061.61,0.83882,0.495036,2,1,-2.04293,0.0319343,0.0358505,300
0.614,1061.95,706.182,200000,0.000265411,0.265209,0.0362353,0,100,0.120359,0.135263,1061.95,0.838949,0.495087,2,1,-2.04505,0.0319204,0.0358703,300
0.616,1062.29,706.838,200000,0.000288576,0.265205,0.0362553,0,100,0.120308,0.13534,1062.29,0.839077,0.495139,2,1,-2.04716,0.0319064,0.0358901,300
0.618,1062.63,707.492,200000,0.000311872,0.265201,0.0362753,0,100,0.120256,0.135416,1062.63,0.839205,0.495191,2,1,-2.04926,0.0318921,0.0359099,300
0.62,1062.97,708.145,200000,0.000335298,0.265197,0.0362954,0,100,0.120203,0.135493,1062.97,0.839334,0.495242,2,1,-2.05135,0.0318777,0.0359298,300
0.622,1063.31,708.795,200000,0.000358854,0.265193,0.0363154,0,100,0.12015,0.13557,1063.31,0.839461,0.495293,2,1,-2.05344,0.0318631,0.0359496,300
0.624,1063.65,709.444,200000,0.00038254,0.26519,0.0363354,0,100,0.120096,0.135647,1063.65,0.839589,0.495344,2,1,-2.05552,0.0318484,0.0359695,300
0.626,1063.99,710.09,200000,0.000406355,0.265186,0.0363555,0,100,0.120042,0.135723,1063.99,0.839716,0.495395,2,1,-2.05759,0.0318334,0.0359893,300
0.628,1064.33,710.735,200000,0.000430299,0.265182,0.0363756,0,100,0.119987,0.1358,1064.33,0.839843,0.495446,2,1,-2.05965,0.0318184,0.0360092,300
0.63,1064.67,711.378,200000,0.000454373,0.265179,0.0363956,0,100,0.119931,0.135877,1064.67,0.83997,0.495497,2,1,-2.06171,0.0318032,0.0360291,300
0.632,1065,712.019,200000,0.000478576,0.265175,0.0364157,0,100,0.119874,0.135954,1065,0.840097,0.495547,2,1,-2.06376,0.0317877,0.036049,300
0.634,1065.34,712.658,200000,0.000502907,0.265172,0.0364358,0,100,0.119817,0.136031,1065.34,0.840224,0.495598,2,1,-2.0658,0.0317722,0.0360689,300
0.636,1065.67,713.295,200000,0.000527367,0.265168,0.0364559,0,100,0.119759,0.136107,1065.67,0.84035,0.495648,2,1,-2.06784,0.0317564,0.0360888,300
0.638,1066.01,713.931,200000,0.000551955,0.265165,0.036476,0,100,0.119701,0.136184,1066.01,0.840476,0.495698,2,1,-2.06987,0.0317406,0.0361088,300
0.64,1066.34,714.564,200000,0.000576672,0.265162,0.0364962,0,100,0.119642,0.136261,1066.34,0.840602,0.495748,2,1,-2.07189,0.0317245,0.0361287,300
0.642,1066.67,715.196,200000,0.000601516,0.265159,0.0365163,0,100,0.119582,0.136338,1066.67,0.840728,0.495798,2,1,-2.07391,0.0317084,0.0361486,300
0.644,1067,715.826,200000,0.000626487,0.265156,0.0365364,0,100,0.119522,0.136414,1067,0.840853,0.495848,2,1,-2.07592,0.0316921,0.0361686,300
0.646,1067.33,716.455,200000,0.000651586,0.265153,0.0365565,0,100,0.119462,0.136491,1067.33,0.840978,0.495898,2,1,-2.07792,0.0316756,0.0361885,300
0.648,1067.66,717.081,200000,0.000676812,0.26515,0.0365767,0,100,0.1194,0.136568,1067.66,0.841103,0.495947,2,1,-2.07991,0.0316591,0.0362084,300
0.65,1067.99,717.706,200000,0.000702164,0.265147,0.0365968,0,100,0.119339,0.136644,1067.99,0.841228,0.495997,2,1,-2.0819,0.0316424,0.0362284,300
0.652,1068.32,718.329,200000,0.000727643,0.265144,0.0366169,0,100,0.119277,0.136721,1068.32,0.841352,0.496046,2,1,-2.08388,0.0316255,0.0362483,300
0.654,1068.65,718.95,200000,0.000753247,0.265141,0.036637,0,100,0.119214,0.136798,1068.65,0.841477,0.496095,2,1,-2.08586,0.0316086,0.0362682,300
0.656,1068.98,719.569,200000,0.000778977,0.265138,0.0366572,0,100,0.119151,0.136874,1068.98,0.841601,0.496144,2,1,-2.08783,0.0315915,0.0362882,300
0.658,1069.3,720.187,200000,0.000804833,0.265136,0.0366773,0,100,0.119087,0.136951,1069.3,0.841724,0.496193,2,1,-2.08979,0.0315744,0.0363081,300
0.66,1069.63,720.803,200000,0.000830813,0.265133,0.0366974,0,100,0.119023,0.137027,1069.63,0.841848,0.496242,2,1,-2.09175,0.0315571,0.036328,300
0.662,1069.95,721.417,200000,0.000856918,0.265131,0.0367175,0,100,0.118959,0.137104,1069.95,0.841971,0.49629,2,1,-2.0937,0.0315397,0.0363479,300
0.664,1070.28,722.03,200000,0.000883147,0.265128,0.0367376,0,100,0.118894,0.13718,1070.28,0.842094,0.496339,2,1,-2.09564,0.0315222,0.0363679,300
0.666,1070.6,722.64,200000,0.0009095,0.265126,0.0367577,0,100,0.118829,0.137256,1070.6,0.842217,0.496387,2,1,-2.09758,0.0315046,0.0363878,300
0.668,1070.92,723.25,200000,0.000935976,0.265123,0.0367778,0,100,0.118763,0.137332,1070.92,0.84234,0.496436,2,1,-2.09951,0.0314869,0.0364077,300
0.67,1071.24,723.857,200000,0.000962575,0.265121,0.0367979,0,100,0.118697,0.137409,1071.24,0.842462,0.496484,2,1,-2.10144,0.0314691,0.0364275,300
0.672,1071.57,724.463,200000,0.000989297,0.265119,0.0368179,0,100,0.11863,0.137485,1071.57,0.842584,0.496532,2,1,-2.10336,0.0314512,0.0364474,300
0.674,1071.89,725.067,200000,0.00101614,0.265116,0.036838,0,100,0.118563,0.137561,1071.89,0.842706,0.49658,2,1,-2.10527,0.0314332,0.0364673,300
0.676,1072.21,725.669,200000,0.00104311,0.265114,0.036858,0,100,0.118496,0.137637,1072.21,0.842828,0.496627,2,1,-2.10718,0.0314151,0.0364871,300
0.678,1072.52,726.27,200000,0.00107019,0.265112,0.0368781,0,100,0.118429,0.137713,1072.52,0.842949,0.496675,2,1,-2.10908,0.031397,0.036507,300
0.68,1072.84,726.869,200000,0.0010974,0.26511,0.0368981,0,100,0.118361,0.137788,1072.84,0.843071,0.496723,2,1,-2.11097,0.0313788,0.0365268,300
0.682,1073.16,727.467,200000,0.00112473,0.265108,0.0369181,0,100,0.118293,0.137864,1073.16,0.843192,0.49677,2,1,-2.11286,0.0313605,0.0365466,300
0.684,1073.48,728.063,200000,0.00115218,0.265106,0.0369381,0,100,0.118224,0.13794,1073.48,0.843312,0.496817,2,1,-2.11475,0.0313421,0.0365664,300
0.686,1073.79,728.657,200000,0.00117974,0.265104,0.036958,0,100,0.118156,0.138015,1073.79,0.843433,0.496864,2,1,-2.11662,0.0313236,0.0365862,300
0.688,1074.11,729.25,200000,0.00120743,0.265102,0.036978,0,100,0.118087,0.138091,1074.11,0.843553,0.496912,2,1,-2.1185,0.0313051,0.036606,300
0.69,1074.42,729.841,200000,0.00123523,0.2651,0.0369979,0,100,0.118017,0.138166,1074.42,0.843673,0.496958,2,1,-2.12036,0.0312866,0.0366257,300
0.692,1074.74,730.43,200000,0.00126316,0.265099,0.0370179,0,100,0.117948,0.138242,1074.74,0.843792,0.497005,2,1,-2.1222,0.0312679,0.0366454,300
0.694,1075.05,731.018,200000,0.00129119,0.265097,0.037037,0,100,0.117881,0.138314,1075.05,0.843912,0.497052,2,1,-2.12408,0.0312499,0.0366645,300
0.696,1075.39,731.604,200000,0.00131933,0.265095,0.0370512,0,100,0.117837,0.138368,1075.39,0.844031,0.4971,2,1,-2.12595,0.0312381,0.0366785,300
0.698,1075.72,732.189,200000,0.00134758,0.265093,0.0370654,0,100,0.117794,0.138422,1075.72,0.84415,0.497147,2,1,-2.12782,0.0312264,0.0366926,300
0.7,1076.05,732.773,200000,0.00137596,0.265091,0.0370796,0,100,0.11775,0.138476,1076.05,0.844269,0.497195,2,1,-2.12968,0.0312145,0.0367066,300
0.702,1076.38,733.355,200000,0.00140445,0.265089,0.0370938,0,100,0.117706,0.13853,1076.38,0.844387,0.497242,2,1,-2.13153,0.0312025,0.0367207,300
0.704,1076.7,733.935,200000,0.00143306,0.265087,0.037108,0,100,0.117661,0.138584,1076.7,0.844505,0.49729,2,1,-2.13338,0.0311904,0.0367348,300
0.706,1077.03,734.514,200000,0.00146179,0.265085,0.0371222,0,100,0.117616,0.138639,1077.03,0.844624,0.497337,2,1,-2.13522,0.0311782,0.0367489,300
0.708,1077.36,735.092,200000,0.00149063,0.265083,0.0371364,0,100,0.11757,0.138693,1077.36,0.844741,0.497384,2,1,-2.13705,0.0311659,0.036763,300
0.71,1077.69,735.668,200000,0.0015196,0.265081,0.0371507,0,100,0.117524,0.138747,1077.69,0.844859,0.497431,2,1,-2.13888,0.0311536,0.0367771,300
0.712,1078.01,736.242,200000,0.00154867,0.26508,0.0371649,0,100,0.117478,0.138801,1078.01,0.844976,0.497478,2,1,-2.14071,0.0311411,0.0367912,300
0.714,1078.34,736.816,200000,0.00157787,0.265078,0.0371791,0,100,0.117431,0.138855,1078.34,0.845093,0.497525,2,1,-2.14253,0.0311285,0.0368053,300
0.716,1078.66,737.388,200000,0.00160718,0.265076,0.0371934,0,100,0.117384,0.138909,1078.66,0.84521,0.497571,2,1,-2.14434,0.0311159,0.0368194,300
0.718,1078.99,737.958,200000,0.0016366,0.265075,0.0372076,0,100,0.117337,0.138963,1078.99,0.845327,0.497618,2,1,-2.14615,0.0311031,0.0368335,300
0.72,1079.31,738.527,200000,0.00166614,0.265073,0.0372218,0,100,0.117289,0.139017,1079.31,0.845443,0.497664,2,1,-2.14796,0.0310903,0.0368476,300
0.722,1079.63,739.095,200000,0.00169578,0.265072,0.0372361,0,100,0.117241,0.139071,1079.63,0.84556,0.497711,2,1,-2.14976,0.0310774,0.0368617,300
0.724,1079.96,739.661,200000,0.00172555,0.26507,0.0372503,0,100,0.117193,0.139125,1079.96,0.845676,0.497757,2,1,-2.15155,0.0310645,0.0368758,300
0.726,1080.28,740.226,200000,0.00175542,0.265069,0.0372645,0,100,0.117145,0.139179,1080.28,0.845791,0.497803,2,1,-2.15334,0.0310514,0.0368899,300
0.728,1080.6,740.789,200000,0.00178541,0.265067,0.0372787,0,100,0.117096,0.139232,1080.6,0.845907,0.497849,2,1,-2.15512,0.0310383,0.036904,300
0.73,1080.92,741.351,200000,0.0018155,0.265066,0.037293,0,100,0.117047,0.139286,1080.92,0.846022,0.497895,2,1,-2.1569,0.0310251,0.0369181,300
0.732,1081.24,741.912,200000,0.00184571,0.265065,0.0373072,0,100,0.116997,0.13934,1081.24,0.846137,0.497941,2,1,-2.15868,0.0310119,0.0369321,300
0.734,1081.56,742.471,200000,0.00187602,0.265063,0.0373214,0,100,0.116948,0.139394,1081.56,0.846252,0.497986,2,1,-2.16045,0.0309986,0.0369462,300
0.736,1081.87,743.029,200000,0.00190645,0.265062,0.0373356,0,100,0.116898,0.139448,1081.87,0.846366,0.498032,2,1,-2.16221,0.0309852,0.0369603,300
0.738,1082.19,743.586,200000,0.00193698,0.265061,0.0373498,0,100,0.116848,0.139501,1082.19,0.846481,0.498078,2,1,-2.16397,0.0309718,0.0369744,300
0.74,1082.51,744.141,200000,0.00196762,0.26506,0.037364,0,100,0.116797,0.139555,1082.51,0.846595,0.498123,2,1,-2.16572,0.0309584,0.0369884,300
0.742,1082.82,744.695,200000,0.00199837,0.265058,0.0373782,0,100,0.116747,0.139608,1082.82,0.846708,0.498168,2,1,-2.16747,0.0309448,0.0370025,300
0.744,1083.14,745.248,200000,0.00202922,0.265057,0.0373924,0,100,0.116696,0.139662,1083.14,0.846822,0.498213,2,1,-2.16922,0.0309313,0.0370165,300
0.746,1083.45,745.799,200000,0.00206018,0.265056,0.0374065,0,100,0.116645,0.139715,1083.45,0.846935,0.498258,2,1,-2.17096,0.0309177,0.0370306,300
0.748,1083.77,746.349,200000,0.00209124,0.265055,0.0374207,0,100,0.116594,0.139769,1083.77,0.847048,0.498303,2,1,-2.17269,0.030904,0.0370446,300
0.75,1084.08,746.897,200000,0.00212241,0.265054,0.0374348,0,100,0.116543,0.139822,1084.08,0.847161,0.498348,2,1,-2.17443,0.0308903,0.0370586,300
0.752,1084.39,747.445,200000,0.00215368,0.265053,0.0374489,0,100,0.116492,0.139876,1084.39,0.847274,0.498393,2,1,-2.17615,0.0308766,0.0370726,300
0.754,1084.71,747.991,200000,0.00218505,0.265052,0.0374631,0,100,0.11644,0.139929,1084.71,0.847386,0.498438,2,1,-2.17787,0.0308628,0.0370866,300
0.756,1085.02,748.535,200000,0.00221652,0.265051,0.0374772,0,100,0.116389,0.139982,1085.02,0.847498,0.498482,2,1,-2.17959,0.030849,0.0371005,300
0.758,1085.33,749.079,200000,0.0022481,0.26505,0.0374912,0,100,0.116337,0.140035,1085.33,0.84761,0.498527,2,1,-2.1813,0.0308352,0.0371145,300
0.76,1085.64,749.621,200000,0.00227978,0.265049,0.0375053,0,100,0.116285,0.140088,1085.64,0.847721,0.498571,2,1,-2.18301,0.0308213,0.0371284,300
0.762,1085.95,750.162,200000,0.00231155,0.265048,0.0375194,0,100,0.116233,0.140141,1085.95,0.847832,0.498615,2,1,-2.18472,0.0308074,0.0371423,300
0.764,1086.26,750.701,200000,0.00234342,0.265047,0.0375334,0,100,0.116181,0.140194,1086.26,0.847943,0.49866,2,1,-2.18642,0.0307935,0.0371563,300
0.766,1086.56,751.24,200000,0.0023754,0.265046,0.0375474,0,100,0.116129,0.140247,1086.56,0.848054,0.498704,2,1,-2.18811,0.0307796,0.0371701,300
0.768,1086.87,751.777,200000,0.00240747,0.265046,0.0375614,0,100,0.116076,0.1403,1086.87,0.848165,0.498748,2,1,-2.1898,0.0307656,0.037184,300
0.77,1087.18,752.312,200000,0.00243963,0.265045,0.0375754,0,100,0.116024,0.140352,1087.18,0.848275,0.498791,2,1,-2.19149,0.0307516,0.0371979,300
0.772,1087.48,752.847,200000,0.00247189,0.265044,0.0375894,0,100,0.115972,0.140405,1087.48,0.848385,0.498835,2,1,-2.19317,0.0307377,0.0372117,300
0.774,1087.79,753.38,200000,0.00250425,0.265043,0.0376033,0,100,0.115919,0.140457,1087.79,0.848495,0.498879,2,1,-2.19485,0.0307237,0.0372255,300
0.776,1088.09,753.912,200000,0.0025367,0.265042,0.0376172,0,100,0.115867,0.14051,1088.09,0.848604,0.498922,2,1,-2.19652,0.0307097,0.0372393,300
0.778,1088.4,754.443,200000,0.00256925,0.265041,0.0376311,0,100,0.115814,0.140562,1088.4,0.848714,0.498966,2,1,-2.19819,0.0306957,0.0372531,300
0.78,1088.7,754.972,200000,0.00260188,0.265041,0.037645,0,100,0.115762,0.140614,1088.7,0.848823,0.499009,2,1,-2.19986,0.0306816,0.0372668,300
0.782,1089,755.501,200000,0.00263461,0.26504,0.0376589,0,100,0.115709,0.140667,1089,0.848931,0.499052,2,1,-2.20152,0.0306676,0.0372806,300
0.784,1089.31,756.028,200000,0.00266743,0.265039,0.0376727,0,100,0.115657,0.140719,1089.31,0.84904,0.499096,2,1,-2.20318,0.0306536,0.0372943,300
0.786,1089.61,756.553,200000,0.00270034,0.265038,0.0376865,0,100,0.115604,0.140771,1089.61,0.849148,0.499139,2,1,-2.20483,0.0306396,0.0373079,300
0.788,1089.91,757.078,200000,0.00273334,0.265038,0.0377003,0,100,0.115551,0.140823,1089.91,0.849256,0.499182,2,1,-2.20648,0.0306256,0.0373216,300
0.79,1090.21,757.601,200000,0.00276642,0.265037,0.037714,0,100,0.115499,0.140874,1090.21,0.849364,0.499225,2,1,-2.20813,0.0306116,0.0373352,300
0.792,1090.51,758.124,200000,0.0027996,0.265036,0.0377278,0,100,0.115446,0.140926,1090.51,0.849471,0.499267,2,1,-2.20977,0.0305976,0.0373488,300
0.794,1090.81,758.645,200000,0.00283286,0.265036,0.0377415,0,100,0.115394,0.140978,1090.81,0.849578,0.49931,2,1,-2.21141,0.0305836,0.0373624,300
0.796,1091.1,759.165,200000,0.0028662,0.265035,0.0377552,0,100,0.115341,0.141029,1091.1,0.849685,0.499353,2,1,-2.21304,0.0305696,0.037376,300
0.798,1091.4,759.683,200000,0.00289964,0.265034,0.0377688,0,100,0.115289,0.14108,1091.4,0.849792,0.499395,2,1,-2.21468,0.0305556,0.0373895,300
0.8,1091.7,760.201,200000,0.00293315,0.265034,0.0377824,0,100,0.115237,0.141132,1091.7,0.849898,0.499437,2,1,-2.2163,0.0305417,0.037403,300
0.802,1091.99,760.717,200000,0.00296675,0.265033,0.037796,0,100,0.115184,0.141183,1091.99,0.850004,0.49948,2,1,-2.21793,0.0305277,0.0374165,300
0.804,1092.29,761.232,200000,0.00300043,0.265032,0.0378096,0,100,0.115132,0.141234,1092.29,0.85011,0.499522,2,1,-2.21955,0.0305138,0.0374299,300
0.806,1092.58,761.746,200000,0.00303419,0.265032,0.0378232,0,100,0.11508,0.141285,1092.58,0.850216,0.499564,2,1,-2.22116,0.0304999,0.0374433,300
0.808,1092.88,762.259,200000,0.00306803,0.265031,0.0378367,0,100,0.115028,0.141335,1092.88,0.850321,0.499606,2,1,-2.22277,0.0304861,0.0374567,300
0.81,1093.17,762.77,200000,0.00310195,0.265031,0.0378501,0,100,0.114976,0.141386,1093.17,0.850426,0.499648,2,1,-2.22438,0.0304722,0.0374701,300
0.812,1093.46,763.28,200000,0.00313595,0.26503,0.0378636,0,100,0.114924,0.141437,1093.46,0.850531,0.49969,2,1,-2.22599,0.0304584,0.0374834,300
0.814,1093.76,763.79,200000,0.00317003,0.265029,0.037877,0,100,0.114872,0.141487,1093.76,0.850635,0.499732,2,1,-2.22759,0.0304446,0.0374967,300
0.816,1094.05,764.298,200000,0.00320419,0.265029,0.0378904,0,100,0.114821,0.141537,1094.05,0.850739,0.499773,2,1,-2.22919,0.0304308,0.0375099,300
0.818,1094.34,764.805,200000,0.00323842,0.265028,0.0379037,0,100,0.114769,0.141588,1094.34,0.850843,0.499815,2,1,-2.23078,0.0304171,0.0375232,300
0.82,1094.63,765.311,200000,0.00327272,0.265027,0.0379171,0,100,0.114718,0.141638,1094.63,0.850947,0.499856,2,1,-2.23237,0.0304034,0.0375363,300
0.822,1094.92,765.815,200000,0.0033071,0.265027,0.0379303,0,100,0.114666,0.141688,1094.92,0.851051,0.499898,2,1,-2.23396,0.0303898,0.0375495,300
0.824,1095.21,766.319,200000,0.00334155,0.265026,0.0379436,0,100,0.114615,0.141737,1095.21,0.851154,0.499939,2,1,-2.23554,0.0303761,0.0375626,300
0.826,1095.49,766.821,200000,0.00337607,0.265026,0.0379568,0,100,0.114564,0.141787,1095.49,0.851257,0.49998,2,1,-2.23712,0.0303625,0.0375757,300
0.828,1095.78,767.323,200000,0.00341067,0.265025,0.03797,0,100,0.114513,0.141837,1095.78,0.851359,0.500021,2,1,-2.2387,0.030349,0.0375888,300
0.83,1096.07,767.823,200000,0.00344533,0.265024,0.0379831,0,100,0.114463,0.141886,1096.07,0.851462,0.500062,2,1,-2.24028,0.0303355,0.0376018,300
0.832,1096.36,768.322,200000,0.00348007,0.265024,0.0379963,0,100,0.114412,0.141935,1096.36,0.851564,0.500103,2,1,-2.24185,0.030322,0.0376148,300
0.834,1096.64,768.82,200000,0.00351487,0.265023,0.0380093,0,100,0.114362,0.141985,1096.64,0.851666,0.500144,2,1,-2.24342,0.0303086,0.0376278,300
0.836,1096.93,769.317,200000,0.00354974,0.265023,0.0380224,0,100,0.114312,0.142034,1096.93,0.851767,0.500184,2,1,-2.24498,0.0302952,0.0376407,300
0.838,1097.21,769.812,200000,0.00358466,0.265023,0.0380366,0,100,0.114247,0.142087,1097.21,0.851869,0.500224,2,1,-2.24655,0.0302783,0.0376539,300
0.84,1097.48,770.307,200000,0.00361972,0.265022,0.0380478,0,100,0.114212,0.142129,1097.48,0.85197,0.500266,1,1,-2.24133,0.0302687,0.0376665,300
0.842,1097.77,770.8,200000,0.00365475,0.26502,0.0380605,0,100,0.114171,0.142178,1097.77,0.852071,0.500306,2,1,-2.24965,0.0302575,0.0376812,300
0.844,1098.06,771.293,200000,0.00368985,0.265021,0.0380753,0,100,0.114099,0.142232,1098.06,0.852171,0.500346,2,1,-2.25121,0.0302387,0.0376923,300
0.846,1098.33,771.784,200000,0.0037251,0.26502,0.0380865,0,100,0.114064,0.142275,1098.33,0.852271,0.500387,1,1,-2.24602,0.0302291,0.0377048,300
0.848,1098.62,772.275,200000,0.00376032,0.265018,0.0380991,0,100,0.114023,0.142323,1098.62,0.852371,0.500427,2,1,-2.2543,0.0302181,0.0377194,300
0.85,1098.91,772.764,200000,0.0037956,0.265019,0.0381138,0,100,0.113952,0.142377,1098.91,0.852471,0.500466,2,1,-2.25585,0.0301995,0.0377304,300
0.852,1099.17,773.252,200000,0.00383104,0.265018,0.0381249,0,100,0.113918,0.142419,1099.17,0.852571,0.500507,1,1,-2.2507,0.0301901,0.0377427,300
0.854,1099.46,773.739,200000,0.00386643,0.265016,0.0381373,0,100,0.113877,0.142467,1099.46,0.85267,0.500547,2,1,-2.25891,0.0301792,0.0377572,300
0.856,1099.74,774.225,200000,0.00390189,0.265017,0.0381518,0,100,0.113807,0.14252,1099.74,0.852769,0.500586,2,1,-2.26045,0.0301609,0.0377681,300
0.858,1100,774.71,200000,0.00393749,0.265016,0.0381628,0,100,0.113773,0.142562,1100,0.852867,0.500626,1,1,-2.25532,0.0301516,0.0377804,300
0.86,1100.31,775.194,200000,0.003973,0.265014,0.0381713,0,100,0.113749,0.142595,1100.31,0.852966,0.500667,2,1,-2.26352,0.0301451,0.0377911,300
0.862,1100.61,775.677,200000,0.00400858,0.265015,0.0381822,0,100,0.113694,0.142635,1100.61,0.853064,0.500706,2,1,-2.26506,0.0301307,0.0377985,300
0.864,1100.88,776.159,200000,0.00404432,0.265014,0.0381896,0,100,0.113676,0.142663,1100.88,0.853162,0.500747,1,1,-2.25996,0.0301256,0.0378069,300
0.866,1101.18,776.64,200000,0.00408,0.265012,0.0381981,0,100,0.113653,0.142696,1101.18,0.853259,0.500788,2,1,-2.26811,0.0301192,0.0378176,300
0.868,1101.47,777.12,200000,0.00411575,0.265013,0.0382089,0,100,0.113598,0.142736,1101.47,0.853357,0.500827,2,1,-2.26965,0.030105,0.0378249,300
0.87,1101.74,777.599,200000,0.00415165,0.265012,0.0382163,0,100,0.11358,0.142764,1101.74,0.853454,0.500868,1,1,-2.26457,0.0301,0.0378333,300
0.872,1102.04,778.076,200000,0.00418749,0.26501,0.0382247,0,100,0.113557,0.142796,1102.04,0.853551,0.500908,2,1,-2.27268,0.0300936,0.0378439,300
0.874,1102.34,778.554,200000,0.0042234,0.265011,0.0382354,0,100,0.113503,0.142836,1102.34,0.853648,0.500947,2,1,-2.2742,0.0300795,0.0378512,300
0.876,1102.6,779.03,200000,0.00425946,0.26501,0.0382427,0,100,0.113485,0.142864,1102.6,0.853744,0.500988,1,1,-2.26915,0.0300746,0.0378595,300
0.878,1102.9,779.505,200000,0.00429546,0.265008,0.0382511,0,100,0.113462,0.142896,1102.9,0.85384,0.501028,2,1,-2.27722,0.0300683,0.03787,300
0.88,1103.19,779.979,200000,0.00433152,0.265009,0.0382617,0,100,0.113409,0.142935,1103.19,0.853936,0.501066,2,1,-2.27874,0.0300544,0.0378772,300
0.882,1103.46,780.452,200000,0.00436773,0.265007,0.0382689,0,100,0.113392,0.142963,1103.46,0.854032,0.501107,1,1,-2.27371,0.0300495,0.0378855,300
0.884,1103.75,780.924,200000,0.00440387,0.265006,0.0382773,0,100,0.113369,0.142995,1103.75,0.854127,0.501147,2,1,-2.28174,0.0300432,0.0378958,300
0.886,1104.04,781.395,200000,0.00444007,0.265007,0.0382877,0,100,0.113316,0.143034,1104.04,0.854222,0.501185,2,1,-2.28325,0.0300296,0.037903,300
0.888,1104.31,781.866,200000,0.00447642,0.265005,0.0382949,0,100,0.113299,0.143061,1104.31,0.854317,0.501225,1,1,-2.27824,0.0300248,0.0379112,300
0.89,1104.6,782.335,200000,0.00451269,0.265004,0.0383032,0,100,0.113276,0.143093,1104.6,0.854412,0.501264,2,1,-2.28623,0.0300186,0.0379215,300
0.892,1104.89,782.803,200000,0.00454903,0.265005,0.0383135,0,100,0.113225,0.143131,1104.89,0.854506,0.501302,2,1,-2.28773,0.0300051,0.0379286,300
0.894,1105.15,783.271,200000,0.00458551,0.265003,0.0383207,0,100,0.113208,0.143159,1105.15,0.8546,0.501342,1,1,-2.28275,0.0300004,0.0379367,300
0.896,1105.44,783.737,200000,0.00462191,0.265001,0.0383289,0,100,0.113186,0.14319,1105.44,0.854694,0.501382,2,1,-2.2907,0.0299943,0.0379469,300
0.898,1105.73,784.203,200000,0.00465837,0.265002,0.0383391,0,100,0.113135,0.143228,1105.73,0.854788,0.501419,2,1,-2.2922,0.029981,0.0379539,300
0.9,1105.99,784.667,200000,0.00469497,0.265001,0.0383462,0,100,0.113118,0.143255,1105.99,0.854881,0.501459,1,1,-2.28724,0.0299764,0.037962,300
0.902,1106.28,785.131,200000,0.00473148,0.264999,0.0383543,0,100,0.113096,0.143286,1106.28,0.854974,0.501498,2,1,-2.29515,0.0299703,0.0379721,300
0.904,1106.56,785.594,200000,0.00476806,0.265,0.0383645,0,100,0.113046,0.143324,1106.56,0.855067,0.501536,2,1,-2.29664,0.0299573,0.037979,300
0.906,1106.82,786.056,200000,0.00480478,0.264998,0.0383715,0,100,0.11303,0.143351,1106.82,0.85516,0.501575,1,1,-2.2917,0.0299528,0.037987,300
0.908,1107.11,786.517,200000,0.0048414,0.264997,0.0383795,0,100,0.113009,0.143382,1107.11,0.855252,0.501614,2,1,-2.29958,0.0299469,0.037997,300
0.91,1107.39,786.977,200000,0.00487809,0.264998,0.0383895,0,100,0.11296,0.143419,1107.39,0.855344,0.501651,2,1,-2.30106,0.0299341,0.0380039,300
0.912,1107.65,787.436,200000,0.00491493,0.264996,0.0383964,0,100,0.112945,0.143446,1107.65,0.855436,0.50169,1,1,-2.29614,0.0299297,0.0380118,300
0.914,1107.94,787.895,200000,0.00495168,0.264994,0.0384044,0,100,0.112923,0.143476,1107.94,0.855528,0.501729,2,1,-2.30399,0.029924,0.0380216,300
0.916,1108.22,788.352,200000,0.00498848,0.264995,0.0384143,0,100,0.112875,0.143513,1108.22,0.855619,0.501766,2,1,-2.30546,0.0299115,0.0380284,300
0.918,1108.47,788.809,200000,0.00502544,0.264993,0.0384211,0,100,0.112861,0.143539,1108.47,0.85571,0.501805,1,1,-2.30057,0.0299073,0.0380362,300
0.92,1108.76,789.265,200000,0.00506229,0.264992,0.038429,0,100,0.11284,0.14357,1108.76,0.855801,0.501844,2,1,-2.30838,0.0299016,0.038046,300
0.922,1109.04,789.72,200000,0.0050992,0.264992,0.0384388,0,100,0.112793,0.143606,1109.04,0.855892,0.50188,2,1,-2.30985,0.0298894,0.0380527,300
0.924,1109.29,790.174,200000,0.00513625,0.264991,0.0384455,0,100,0.112779,0.143632,1109.29,0.855982,0.501919,1,1,-2.30498,0.0298854,0.0380604,300
0.926,1109.57,790.628,200000,0.0051732,0.264989,0.0384534,0,100,0.112759,0.143662,1109.57,0.856072,0.501957,2,1,-2.31275,0.0298799,0.03807,300
0.928,1109.85,791.08,200000,0.00521021,0.264989,0.038463,0,100,0.112714,0.143698,1109.85,0.856162,0.501994,2,1,-2.31422,0.029868,0.0380766,300
0.93,1110.1,791.532,200000,0.00524736,0.264988,0.0384696,0,100,0.1127,0.143723,1110.1,0.856252,0.502032,1,1,-2.30937,0.0298641,0.0380843,300
0.932,1110.39,791.983,200000,0.0052844,0.264986,0.0384774,0,100,0.112681,0.143753,1110.39,0.856341,0.50207,2,1,-2.31711,0.0298588,0.0380938,300
0.934,1110.66,792.433,200000,0.00532149,0.264986,0.0384869,0,100,0.112636,0.143788,1110.66,0.85643,0.502107,2,1,-2.31857,0.0298472,0.0381003,300
0.936,1110.91,792.882,200000,0.00535873,0.264985,0.0384935,0,100,0.112624,0.143814,1110.91,0.856519,0.502145,1,1,-2.31375,0.0298435,0.0381079,300
0.938,1111.19,793.331,200000,0.00539585,0.264983,0.0385011,0,100,0.112605,0.143843,1111.19,0.856608,0.502183,2,1,-2.32146,0.0298384,0.0381172,300
0.94,1111.47,793.778,200000,0.00543301,0.264983,0.0385104,0,100,0.112562,0.143878,1111.47,0.856696,0.502219,2,1,-2.32291,0.0298272,0.0381236,300
0.942,1111.72,794.225,200000,0.00547032,0.264981,0.0385169,0,100,0.112551,0.143903,1111.72,0.856784,0.502256,1,1,-2.31812,0.0298238,0.0381311,300
0.944,1112,794.671,200000,0.00550751,0.26498,0.0385244,0,100,0.112534,0.143932,1112,0.856872,0.502294,2,1,-2.32579,0.029819,0.0381403,300
0.946,1112.27,795.116,200000,0.00554475,0.26498,0.0385336,0,100,0.112492,0.143967,1112.27,0.85696,0.502329,2,1,-2.32724,0.0298081,0.0381466,300
0.948,1112.52,795.561,200000,0.00558212,0.264978,0.03854,0,100,0.112481,0.143992,1112.52,0.857047,0.502367,1,1,-2.32247,0.0298049,0.038154,300
0.95,1112.79,796.004,200000,0.00561937,0.264976,0.0385474,0,100,0.112464,0.14402,1112.79,0.857134,0.502404,2,1,-2.33011,0.0298002,0.0381631,300
0.952,1113.06,796.447,200000,0.00565667,0.264976,0.0385565,0,100,0.112423,0.144054,1113.06,0.857221,0.50244,2,1,-2.33155,0.0297896,0.0381693,300
0.954,1113.31,796.889,200000,0.0056941,0.264974,0.0385628,0,100,0.112413,0.144079,1113.31,0.857308,0.502477,1,1,-2.3268,0.0297865,0.0381766,300
0.956,1113.59,797.33,200000,0.0057314,0.264972,0.0385701,0,100,0.112397,0.144107,1113.59,0.857394,0.502514,2,1,-2.33441,0.0297821,0.0381855,300
0.958,1113.85,797.771,200000,0.00576875,0.264973,0.0385791,0,100,0.112357,0.144141,1113.85,0.85748,0.502549,2,1,-2.33585,0.0297717,0.0381917,300
0.96,1114.1,798.21,200000,0.00580623,0.264971,0.0385853,0,100,0.112348,0.144165,1114.1,0.857566,0.502586,1,1,-2.33112,0.0297688,0.0381989,300
0.962,1114.37,798.649,200000,0.00584358,0.264969,0.0385926,0,100,0.112333,0.144193,1114.37,0.857652,0.502623,2,1,-2.3387,0.0297646,0.0382077,300
0.964,1114.64,799.087,200000,0.00588096,0.264969,0.0386014,0,100,0.112294,0.144226,1114.64,0.857737,0.502658,2,1,-2.34014,0.0297545,0.0382138,300
0.966,1114.88,799.524,200000,0.00591849,0.264967,0.0386075,0,100,0.112285,0.14425,1114.88,0.857823,0.502695,1,1,-2.33543,0.0297518,0.0382209,300
0.968,1115.16,799.96,200000,0.00595587,0.264965,0.0386147,0,100,0.112271,0.144278,1115.16,0.857908,0.502731,2,1,-2.34298,0.0297477,0.0382296,300
0.97,1115.42,800.396,200000,0.00599328,0.264965,0.0386234,0,100,0.112233,0.14431,1115.42,0.857992,0.502766,2,1,-2.34441,0.0297379,0.0382356,300
0.972,1115.66,800.831,200000,0.00603084,0.264963,0.0386294,0,100,0.112225,0.144334,1115.66,0.858077,0.502803,1,1,-2.33972,0.0297354,0.0382426,300
0.974,1115.93,801.265,200000,0.00606824,0.264961,0.0386365,0,100,0.112211,0.144362,1115.93,0.858161,0.502839,2,1,-2.34724,0.0297315,0.0382512,300
0.976,1116.2,801.698,200000,0.00610568,0.264961,0.0386451,0,100,0.112175,0.144394,1116.2,0.858245,0.502874,2,1,-2.34867,0.029722,0.0382571,300
0.978,1116.44,802.131,200000,0.00614325,0.264958,0.038651,0,100,0.112167,0.144417,1116.44,0.858329,0.50291,1,1,-2.344,0.0297196,0.038264,300
0.98,1116.71,802.562,200000,0.00618067,0.264956,0.038658,0,100,0.112154,0.144444,1116.71,0.858412,0.502946,2,1,-2.35149,0.0297159,0.0382724,300
0.982,1116.97,802.993,200000,0.00621812,0.264956,0.0386665,0,100,0.112119,0.144476,1116.97,0.858495,0.502981,2,1,-2.35291,0.0297067,0.0382783,300
0.984,1117.21,803.423,200000,0.00625571,0.264954,0.0386723,0,100,0.112112,0.144499,1117.21,0.858578,0.503017,1,1,-2.34827,0.0297045,0.0382851,300
0.986,1117.48,803.853,200000,0.00629313,0.264952,0.0386792,0,100,0.1121,0.144526,1117.48,0.858661,0.503053,2,1,-2.35573,0.029701,0.0382934,300
0.988,1117.74,804.281,200000,0.00633059,0.264952,0.0386876,0,100,0.112066,0.144557,1117.74,0.858744,0.503087,2,1,-2.35714,0.029692,0.0382991,300
0.99,1117.97,804.709,200000,0.00636818,0.26495,0.0386933,0,100,0.11206,0.14458,1117.97,0.858826,0.503123,1,1,-2.35252,0.0296901,0.0383059,300
0.992,1118.24,805.136,200000,0.0064056,0.264947,0.0387001,0,100,0.112048,0.144607,1118.24,0.858908,0.503159,2,1,-2.35995,0.0296867,0.0383141,300
0.994,1118.5,805.563,200000,0.00644305,0.264947,0.0387084,0,100,0.112015,0.144637,1118.5,0.85899,0.503193,2,1,-2.36136,0.029678,0.0383198,300
0.996,1118.73,805.988,200000,0.00648063,0.264945,0.038714,0,100,0.112009,0.14466,1118.73,0.859071,0.503229,1,1,-2.35677,0.0296762,0.0383264,300
0.998,1119,806.413,200000,0.00651804,0.264943,0.0387207,0,100,0.111998,0.144686,1119,0.859153,0.503264,2,1,-2.36416,0.029673,0.0383345,300
1,1119.25,806.837,200000,0.00655548,0.264942,0.0387289,0,100,0.111966,0.144717,1119.25,0.859234,0.503298,2,1,-2.36557,0.0296647,0.0383401,300
