Average elemental composition of the pyrolysis gases;;;;;;;;;;;;;;;;;;
;mole fraction;;(the initial molecular composition is given in the finite-rate chemistry sheet);;;;;;;;;;;;;;;
C;0.206;;;;;;;;;;;;;;;;;
H;0.679;;;;;;;;;;;;;;;;;
O;0.115;;;;;;;;;;;;;;;;;
total;1;;;;;;;;;;;;;;;;;
"[from table 1 of DECOMPOSITION CHARACTERISTICS OF A CHAR-FORMING PHENOLIC POLYMER USED FOR ABLATIVE COMPOSITES; George F. Sykes;  NASA TN D 3810; 1967.]";;;;;;;;;;;;;;;;;;
;;;;;;;;;;;;;;;;;;
;;;;;;;;;;;;;;;;;;
Decomposition kinetics (Model of Goldstein, 1965);;;;;;;;;;;;;;;;;;
Assumes the presence of two phases in the matrix (A and B) with two degradation reactions;;;;;;;;;;;;;;;;;;
The carbon-fiber density ( C ) is given for the CMA formulation;;;;;;;;;;;;;;;;;;
d(rho_i)/dt = - A_i * rho_i_v * ((rho_i-rho_i_c)/rho_i_v)^psi_i * exp(-Ei/(R*T))  for T >T_reac, 0 otherwise;;;;;;;;;;;;;;;;;;
SI units;;;;;;;;;;;;;;;;;;
Reaction;rho_i_v;rho_i_c;A_i;E_i/R;psi;T_reac;;;;;;;;;;;;
;(kg/m³);(kg/m³);sec-1;(K);(---);(K);;;;;;;;;;;;
A;3.000E+02;0.000E+00;1.200E+04;8.556E+03;3.000E+00;3.333E+02;;;;;;;;;;;;
B;9.000E+02;6.000E+02;4.480E+09;2.044E+04;3.000E+00;5.556E+02;;;;;;;;;;;;
C;1.600E+03;1.600E+03;0.000E+00;0.000E+00;0.000E+00;5.556E+03;The carbon fibers do not pyrolyse;;;;;;;;;;;
British units;;;;;;;;;;;;;;;;;;
Reaction;rho_i_v;rho_i_c;A_i;E_i/R;psi;T_reac;;;;;;;;;;;;
;(lb/ft^3);(lb/ft^3);sec-1;(deg R);(---);(in R);;;;;;;;;;;;
A;1.873E+01;0.000E+00;1.200E+04;1.540E+04;3.000E+00;6.000E+02;;;;;;;;;;;;
B;5.619E+01;3.746E+01;4.480E+09;3.680E+04;3.000E+00;1.000E+03;;;;;;;;;;;;
C;9.988E+01;9.988E+01;0.00E+00;0.00;0.00;1.000E+04;The carbon fibers do not pyrolyse;;;;;;;;;;;
;;;;;;;;;;;;;;;;;;
Note for CMA/FIAT;;Resin volume fraction = 0.5 (Gamma in CMA);;;;;rho = (1-phi) [gamma (rho_A + rho_B) - (1-gamma) rho_c];;;;;;;;;;;
users;;Composite porosity = 0.8 (phi in CMA);;;;;!!! phi must be used if non-zero (even if not shown in the publications);;;;;;;;;;;
;;;;;;;;;;;;;;;;;;
Overall density (inferred from composition and microstructure);;;;;;;;;;;;;;;;;;
virgin;rho_v = eps_f * rho_f + eps_m *rho_m + eps_gas * rho_g = 0.1 * 1600 + 0.1 * 1200 + o(1) = 280 kg/m³;;;;;;;;;;;;;;;;;
char;rho_c = eps_f * rho_f + eps_m_c * rho_m_c + eps_gas * rho_g = 0.1 * 1600 + 0.05 * 1200 + o(1) = 220 kg/m³;;;;;;;;;;;;;;;;;
hyp: intrinsic densities of virgin and charred matrix are equal (only volume loss due to shrinkage during the pyrolysis);;;;;;;;;;;;;;;;;;
;;;;;;;;;;;;;;;;;;
;;;;;;;;;;;;;;;;;;
Pyrolysis gas properties at 0.01, 0.1, 1.0 atm, assuming chemical equilibrium of the gas (no condensed species in the mixture);;;;;;;;;;;;;;;;;;
TARGET [1] output (CEA units);;;;SI units;;;;;;;;;British units;;;;;
[1] Bianchi, D., A CEA-based Chemical Equilibrium Solver for Gas/Surface Thermochemistry and Thermochemical Tables Generation,;;;;;;;;;;;;;;;;;;
Centro Ricerca Aerospaziale Sapienza (CRAS), Contract Reference no. CRAS-TTG-1001, Sapienza University of Rome, 2013.;;;;;;;;;;;;;;;;;;
;;;;;;;;;;;;;;;;;;
P = 0.01 atm.;;;;;;;;;;;;;;;;;;
;T (K);M (kg/kmol);Cp (kJ/kg K);Gamma;h (kJ/kg);Mu (millipoise);rho (kg/m^3);;;;;T (R );Cp (Btu/lb R);h (Btu/lb);;;;
;2.000E+02;2.200E+01;1.512E+00;1.333E+00;-7.247E+03;8.688E-02;1.340E-02;;;;;3.600E+02;3.611E-01;-3.115E+03;;;;
;2.250E+02;2.200E+01;1.534E+00;1.327E+00;-7.208E+03;9.666E-02;1.191E-02;;;;;4.050E+02;3.663E-01;-3.099E+03;;;;
;2.500E+02;2.200E+01;1.560E+00;1.320E+00;-7.170E+03;1.065E-01;1.072E-02;;;;;4.500E+02;3.726E-01;-3.082E+03;;;;
;2.750E+02;2.200E+01;1.593E+00;1.311E+00;-7.130E+03;1.162E-01;9.747E-03;;;;;4.950E+02;3.806E-01;-3.066E+03;;;;
;3.000E+02;2.200E+01;1.635E+00;1.301E+00;-7.090E+03;1.257E-01;8.935E-03;;;;;5.400E+02;3.906E-01;-3.048E+03;;;;
;3.250E+02;2.199E+01;1.690E+00;1.289E+00;-7.049E+03;1.351E-01;8.247E-03;;;;;5.850E+02;4.036E-01;-3.030E+03;;;;
;3.500E+02;2.199E+01;1.764E+00;1.275E+00;-7.005E+03;1.444E-01;7.657E-03;;;;;6.300E+02;4.213E-01;-3.012E+03;;;;
;3.750E+02;2.198E+01;1.870E+00;1.259E+00;-6.960E+03;1.535E-01;7.143E-03;;;;;6.750E+02;4.466E-01;-2.992E+03;;;;
;4.000E+02;2.196E+01;2.027E+00;1.240E+00;-6.912E+03;1.624E-01;6.690E-03;;;;;7.200E+02;4.842E-01;-2.971E+03;;;;
;4.250E+02;2.192E+01;2.260E+00;1.220E+00;-6.858E+03;1.712E-01;6.286E-03;;;;;7.650E+02;5.397E-01;-2.948E+03;;;;
;4.500E+02;2.185E+01;2.593E+00;1.199E+00;-6.798E+03;1.799E-01;5.918E-03;;;;;8.100E+02;6.193E-01;-2.922E+03;;;;
;4.750E+02;2.174E+01;3.047E+00;1.180E+00;-6.727E+03;1.886E-01;5.577E-03;;;;;8.550E+02;7.277E-01;-2.892E+03;;;;
;5.000E+02;2.157E+01;3.632E+00;1.163E+00;-6.644E+03;1.972E-01;5.257E-03;;;;;9.000E+02;8.676E-01;-2.856E+03;;;;
;5.250E+02;2.134E+01;4.374E+00;1.149E+00;-6.545E+03;2.058E-01;4.953E-03;;;;;9.450E+02;1.045E+00;-2.814E+03;;;;
;5.500E+02;2.103E+01;5.399E+00;1.135E+00;-6.423E+03;2.144E-01;4.660E-03;;;;;9.900E+02;1.290E+00;-2.761E+03;;;;
;5.750E+02;2.063E+01;7.101E+00;1.120E+00;-6.269E+03;2.229E-01;4.373E-03;;;;;1.035E+03;1.696E+00;-2.695E+03;;;;
;6.000E+02;2.008E+01;1.013E+01;1.106E+00;-6.057E+03;2.318E-01;4.078E-03;;;;;1.080E+03;2.420E+00;-2.604E+03;;;;
;6.250E+02;1.929E+01;1.483E+01;1.098E+00;-5.748E+03;2.411E-01;3.762E-03;;;;;1.125E+03;3.541E+00;-2.471E+03;;;;
;6.500E+02;1.823E+01;2.059E+01;1.095E+00;-5.307E+03;2.511E-01;3.418E-03;;;;;1.170E+03;4.918E+00;-2.281E+03;;;;
;6.750E+02;1.697E+01;2.565E+01;1.097E+00;-4.724E+03;2.614E-01;3.063E-03;;;;;1.215E+03;6.126E+00;-2.031E+03;;;;
;7.000E+02;1.570E+01;2.690E+01;1.102E+00;-4.056E+03;2.713E-01;2.734E-03;;;;;1.260E+03;6.425E+00;-1.744E+03;;;;
;7.250E+02;1.470E+01;2.160E+01;1.111E+00;-3.436E+03;2.803E-01;2.470E-03;;;;;1.305E+03;5.160E+00;-1.477E+03;;;;
;7.500E+02;1.411E+01;1.253E+01;1.130E+00;-3.009E+03;2.881E-01;2.293E-03;;;;;1.350E+03;2.992E+00;-1.294E+03;;;;
;7.750E+02;1.387E+01;6.336E+00;1.169E+00;-2.783E+03;2.951E-01;2.181E-03;;;;;1.395E+03;1.513E+00;-1.196E+03;;;;
;8.000E+02;1.379E+01;3.938E+00;1.218E+00;-2.660E+03;3.018E-01;2.100E-03;;;;;1.440E+03;9.406E-01;-1.143E+03;;;;
;8.250E+02;1.376E+01;3.213E+00;1.248E+00;-2.572E+03;3.082E-01;2.033E-03;;;;;1.485E+03;7.673E-01;-1.106E+03;;;;
;8.500E+02;1.376E+01;3.037E+00;1.256E+00;-2.495E+03;3.145E-01;1.972E-03;;;;;1.530E+03;7.253E-01;-1.073E+03;;;;
;8.750E+02;1.375E+01;3.212E+00;1.244E+00;-2.418E+03;3.208E-01;1.915E-03;;;;;1.575E+03;7.671E-01;-1.039E+03;;;;
;9.000E+02;1.372E+01;5.041E+00;1.186E+00;-2.322E+03;3.274E-01;1.858E-03;;;;;1.620E+03;1.204E+00;-9.981E+02;;;;
;9.250E+02;1.358E+01;9.325E+00;1.146E+00;-2.141E+03;3.357E-01;1.790E-03;;;;;1.665E+03;2.227E+00;-9.202E+02;;;;
;9.500E+02;1.335E+01;1.119E+01;1.141E+00;-1.879E+03;3.457E-01;1.713E-03;;;;;1.710E+03;2.673E+00;-8.077E+02;;;;
;9.750E+02;1.311E+01;1.140E+01;1.143E+00;-1.594E+03;3.563E-01;1.638E-03;;;;;1.755E+03;2.724E+00;-6.854E+02;;;;
;1.000E+03;1.287E+01;1.094E+01;1.148E+00;-1.314E+03;3.667E-01;1.569E-03;;;;;1.800E+03;2.614E+00;-5.650E+02;;;;
;1.025E+03;1.267E+01;1.020E+01;1.153E+00;-1.050E+03;3.769E-01;1.506E-03;;;;;1.845E+03;2.436E+00;-4.512E+02;;;;
;1.050E+03;1.249E+01;9.369E+00;1.159E+00;-8.049E+02;3.865E-01;1.450E-03;;;;;1.890E+03;2.238E+00;-3.460E+02;;;;
;1.075E+03;1.234E+01;8.590E+00;1.165E+00;-5.806E+02;3.955E-01;1.399E-03;;;;;1.935E+03;2.052E+00;-2.496E+02;;;;
;1.100E+03;1.222E+01;7.950E+00;1.169E+00;-3.742E+02;4.040E-01;1.354E-03;;;;;1.980E+03;1.899E+00;-1.609E+02;;;;
;1.125E+03;1.212E+01;7.511E+00;1.171E+00;-1.814E+02;4.118E-01;1.312E-03;;;;;2.025E+03;1.794E+00;-7.799E+01;;;;
;1.150E+03;1.203E+01;7.323E+00;1.170E+00;3.457E+00;4.189E-01;1.275E-03;;;;;2.070E+03;1.749E+00;1.486E+00;;;;
;1.175E+03;1.195E+01;7.429E+00;1.164E+00;1.872E+02;4.253E-01;1.239E-03;;;;;2.115E+03;1.774E+00;8.048E+01;;;;
;1.200E+03;1.187E+01;7.877E+00;1.155E+00;3.777E+02;4.308E-01;1.206E-03;;;;;2.160E+03;1.881E+00;1.624E+02;;;;
;1.225E+03;1.180E+01;8.717E+00;1.144E+00;5.843E+02;4.353E-01;1.174E-03;;;;;2.205E+03;2.082E+00;2.512E+02;;;;
;1.250E+03;1.172E+01;9.991E+00;1.132E+00;8.172E+02;4.387E-01;1.142E-03;;;;;2.250E+03;2.386E+00;3.513E+02;;;;
;1.275E+03;1.162E+01;1.169E+01;1.121E+00;1.087E+03;4.407E-01;1.111E-03;;;;;2.295E+03;2.792E+00;4.675E+02;;;;
;1.300E+03;1.152E+01;1.365E+01;1.114E+00;1.404E+03;4.412E-01;1.080E-03;;;;;2.340E+03;3.259E+00;6.036E+02;;;;
;1.325E+03;1.139E+01;1.527E+01;1.110E+00;1.767E+03;4.405E-01;1.048E-03;;;;;2.385E+03;3.647E+00;7.597E+02;;;;
;1.350E+03;1.127E+01;1.522E+01;1.111E+00;2.154E+03;4.393E-01;1.017E-03;;;;;2.430E+03;3.635E+00;9.258E+02;;;;
;1.375E+03;1.116E+01;1.219E+01;1.125E+00;2.502E+03;4.392E-01;9.887E-04;;;;;2.475E+03;2.912E+00;1.076E+03;;;;
;1.400E+03;1.109E+01;7.980E+00;1.158E+00;2.753E+03;4.413E-01;9.649E-04;;;;;2.520E+03;1.906E+00;1.183E+03;;;;
;1.425E+03;1.105E+01;5.446E+00;1.203E+00;2.916E+03;4.452E-01;9.449E-04;;;;;2.565E+03;1.301E+00;1.254E+03;;;;
;1.450E+03;1.103E+01;4.405E+00;1.237E+00;3.038E+03;4.500E-01;9.272E-04;;;;;2.610E+03;1.052E+00;1.306E+03;;;;
;1.475E+03;1.102E+01;3.988E+00;1.255E+00;3.142E+03;4.550E-01;9.106E-04;;;;;2.655E+03;9.525E-01;1.351E+03;;;;
;1.500E+03;1.102E+01;3.802E+00;1.264E+00;3.239E+03;4.601E-01;8.949E-04;;;;;2.700E+03;9.080E-01;1.392E+03;;;;
;1.525E+03;1.101E+01;3.709E+00;1.268E+00;3.333E+03;4.652E-01;8.799E-04;;;;;2.745E+03;8.860E-01;1.433E+03;;;;
;1.550E+03;1.101E+01;3.663E+00;1.270E+00;3.425E+03;4.703E-01;8.654E-04;;;;;2.790E+03;8.749E-01;1.472E+03;;;;
;1.575E+03;1.100E+01;3.643E+00;1.270E+00;3.516E+03;4.754E-01;8.515E-04;;;;;2.835E+03;8.700E-01;1.512E+03;;;;
;1.600E+03;1.100E+01;3.640E+00;1.269E+00;3.607E+03;4.805E-01;8.380E-04;;;;;2.880E+03;8.694E-01;1.551E+03;;;;
;1.625E+03;1.100E+01;3.651E+00;1.268E+00;3.698E+03;4.856E-01;8.249E-04;;;;;2.925E+03;8.721E-01;1.590E+03;;;;
;1.650E+03;1.100E+01;3.674E+00;1.266E+00;3.790E+03;4.906E-01;8.123E-04;;;;;2.970E+03;8.774E-01;1.629E+03;;;;
;1.675E+03;1.100E+01;3.706E+00;1.263E+00;3.882E+03;4.957E-01;8.000E-04;;;;;3.015E+03;8.853E-01;1.669E+03;;;;
;1.700E+03;1.099E+01;3.750E+00;1.260E+00;3.975E+03;5.007E-01;7.881E-04;;;;;3.060E+03;8.956E-01;1.709E+03;;;;
;1.725E+03;1.099E+01;3.803E+00;1.257E+00;4.069E+03;5.057E-01;7.765E-04;;;;;3.105E+03;9.083E-01;1.749E+03;;;;
;1.750E+03;1.099E+01;3.868E+00;1.253E+00;4.165E+03;5.107E-01;7.653E-04;;;;;3.150E+03;9.238E-01;1.791E+03;;;;
;1.775E+03;1.099E+01;3.945E+00;1.248E+00;4.263E+03;5.157E-01;7.543E-04;;;;;3.195E+03;9.421E-01;1.833E+03;;;;
;1.800E+03;1.098E+01;4.035E+00;1.243E+00;4.363E+03;5.206E-01;7.436E-04;;;;;3.240E+03;9.636E-01;1.876E+03;;;;
;1.825E+03;1.098E+01;4.139E+00;1.238E+00;4.465E+03;5.256E-01;7.332E-04;;;;;3.285E+03;9.887E-01;1.919E+03;;;;
;1.850E+03;1.098E+01;4.260E+00;1.232E+00;4.570E+03;5.306E-01;7.230E-04;;;;;3.330E+03;1.018E+00;1.965E+03;;;;
;1.875E+03;1.097E+01;4.400E+00;1.226E+00;4.678E+03;5.355E-01;7.130E-04;;;;;3.375E+03;1.051E+00;2.011E+03;;;;
;1.900E+03;1.096E+01;4.559E+00;1.220E+00;4.790E+03;5.405E-01;7.032E-04;;;;;3.420E+03;1.089E+00;2.059E+03;;;;
;1.925E+03;1.096E+01;4.741E+00;1.214E+00;4.906E+03;5.454E-01;6.936E-04;;;;;3.465E+03;1.132E+00;2.109E+03;;;;
;1.950E+03;1.095E+01;4.947E+00;1.207E+00;5.027E+03;5.503E-01;6.842E-04;;;;;3.510E+03;1.182E+00;2.161E+03;;;;
;1.975E+03;1.094E+01;5.180E+00;1.201E+00;5.154E+03;5.553E-01;6.749E-04;;;;;3.555E+03;1.237E+00;2.216E+03;;;;
;2.000E+03;1.093E+01;5.444E+00;1.194E+00;5.286E+03;5.603E-01;6.658E-04;;;;;3.600E+03;1.300E+00;2.273E+03;;;;
;2.025E+03;1.091E+01;5.740E+00;1.188E+00;5.426E+03;5.652E-01;6.568E-04;;;;;3.645E+03;1.371E+00;2.333E+03;;;;
;2.050E+03;1.090E+01;6.072E+00;1.181E+00;5.574E+03;5.702E-01;6.479E-04;;;;;3.690E+03;1.450E+00;2.396E+03;;;;
;2.075E+03;1.088E+01;6.443E+00;1.175E+00;5.730E+03;5.752E-01;6.391E-04;;;;;3.735E+03;1.539E+00;2.463E+03;;;;
;2.100E+03;1.086E+01;6.857E+00;1.169E+00;5.896E+03;5.802E-01;6.303E-04;;;;;3.780E+03;1.638E+00;2.535E+03;;;;
;2.125E+03;1.084E+01;7.317E+00;1.163E+00;6.073E+03;5.852E-01;6.216E-04;;;;;3.825E+03;1.748E+00;2.611E+03;;;;
;2.150E+03;1.081E+01;7.826E+00;1.158E+00;6.262E+03;5.902E-01;6.130E-04;;;;;3.870E+03;1.869E+00;2.692E+03;;;;
;2.175E+03;1.079E+01;8.390E+00;1.153E+00;6.465E+03;5.953E-01;6.043E-04;;;;;3.915E+03;2.004E+00;2.779E+03;;;;
;2.200E+03;1.075E+01;9.012E+00;1.148E+00;6.682E+03;6.004E-01;5.957E-04;;;;;3.960E+03;2.152E+00;2.873E+03;;;;
;2.225E+03;1.072E+01;9.696E+00;1.143E+00;6.916E+03;6.055E-01;5.870E-04;;;;;4.005E+03;2.316E+00;2.973E+03;;;;
;2.250E+03;1.068E+01;1.045E+01;1.139E+00;7.168E+03;6.107E-01;5.784E-04;;;;;4.050E+03;2.495E+00;3.082E+03;;;;
;2.275E+03;1.063E+01;1.127E+01;1.136E+00;7.439E+03;6.159E-01;5.696E-04;;;;;4.095E+03;2.692E+00;3.198E+03;;;;
;2.300E+03;1.058E+01;1.217E+01;1.132E+00;7.732E+03;6.211E-01;5.608E-04;;;;;4.140E+03;2.907E+00;3.324E+03;;;;
;2.325E+03;1.053E+01;1.316E+01;1.129E+00;8.048E+03;6.264E-01;5.519E-04;;;;;4.185E+03;3.143E+00;3.460E+03;;;;
;2.350E+03;1.047E+01;1.423E+01;1.127E+00;8.391E+03;6.318E-01;5.430E-04;;;;;4.230E+03;3.399E+00;3.607E+03;;;;
;2.375E+03;1.040E+01;1.540E+01;1.124E+00;8.761E+03;6.372E-01;5.339E-04;;;;;4.275E+03;3.678E+00;3.766E+03;;;;
;2.400E+03;1.033E+01;1.667E+01;1.122E+00;9.161E+03;6.427E-01;5.247E-04;;;;;4.320E+03;3.982E+00;3.939E+03;;;;
;2.425E+03;1.025E+01;1.805E+01;1.120E+00;9.595E+03;6.482E-01;5.153E-04;;;;;4.365E+03;4.312E+00;4.125E+03;;;;
;2.450E+03;1.017E+01;1.955E+01;1.118E+00;1.007E+04;6.538E-01;5.058E-04;;;;;4.410E+03;4.669E+00;4.327E+03;;;;
;2.475E+03;1.008E+01;2.117E+01;1.117E+00;1.057E+04;6.595E-01;4.962E-04;;;;;4.455E+03;5.056E+00;4.546E+03;;;;
;2.500E+03;9.978E+00;2.292E+01;1.116E+00;1.113E+04;6.653E-01;4.864E-04;;;;;4.500E+03;5.474E+00;4.783E+03;;;;
;2.525E+03;9.871E+00;2.480E+01;1.115E+00;1.172E+04;6.712E-01;4.764E-04;;;;;4.545E+03;5.923E+00;5.039E+03;;;;
;2.550E+03;9.756E+00;2.682E+01;1.114E+00;1.237E+04;6.772E-01;4.663E-04;;;;;4.590E+03;6.405E+00;5.316E+03;;;;
;2.575E+03;9.634E+00;2.896E+01;1.113E+00;1.306E+04;6.832E-01;4.560E-04;;;;;4.635E+03;6.916E+00;5.616E+03;;;;
;2.600E+03;9.505E+00;3.121E+01;1.113E+00;1.381E+04;6.894E-01;4.455E-04;;;;;4.680E+03;7.455E+00;5.939E+03;;;;
;2.625E+03;9.368E+00;3.356E+01;1.112E+00;1.462E+04;6.956E-01;4.349E-04;;;;;4.725E+03;8.017E+00;6.287E+03;;;;
;2.650E+03;9.224E+00;3.597E+01;1.112E+00;1.549E+04;7.020E-01;4.242E-04;;;;;4.770E+03;8.591E+00;6.661E+03;;;;
;2.675E+03;9.074E+00;3.839E+01;1.112E+00;1.642E+04;7.083E-01;4.134E-04;;;;;4.815E+03;9.168E+00;7.061E+03;;;;
;2.700E+03;8.918E+00;4.075E+01;1.113E+00;1.741E+04;7.147E-01;4.025E-04;;;;;4.860E+03;9.733E+00;7.486E+03;;;;
;2.725E+03;8.759E+00;4.299E+01;1.113E+00;1.846E+04;7.211E-01;3.917E-04;;;;;4.905E+03;1.027E+01;7.936E+03;;;;
;2.750E+03;8.596E+00;4.504E+01;1.114E+00;1.956E+04;7.273E-01;3.809E-04;;;;;4.950E+03;1.076E+01;8.409E+03;;;;
;2.775E+03;8.433E+00;4.683E+01;1.114E+00;2.071E+04;7.334E-01;3.703E-04;;;;;4.995E+03;1.119E+01;8.903E+03;;;;
;2.800E+03;8.269E+00;4.830E+01;1.115E+00;2.190E+04;7.393E-01;3.599E-04;;;;;5.040E+03;1.154E+01;9.415E+03;;;;
;2.825E+03;8.107E+00;4.940E+01;1.116E+00;2.312E+04;7.449E-01;3.497E-04;;;;;5.085E+03;1.180E+01;9.940E+03;;;;
;2.850E+03;7.948E+00;5.010E+01;1.118E+00;2.437E+04;7.501E-01;3.399E-04;;;;;5.130E+03;1.196E+01;1.048E+04;;;;
;2.875E+03;7.794E+00;5.039E+01;1.119E+00;2.562E+04;7.549E-01;3.304E-04;;;;;5.175E+03;1.203E+01;1.102E+04;;;;
;2.900E+03;7.646E+00;5.027E+01;1.120E+00;2.688E+04;7.593E-01;3.213E-04;;;;;5.220E+03;1.201E+01;1.156E+04;;;;
;2.925E+03;7.504E+00;4.977E+01;1.122E+00;2.813E+04;7.632E-01;3.127E-04;;;;;5.265E+03;1.189E+01;1.210E+04;;;;
;2.950E+03;7.370E+00;4.893E+01;1.124E+00;2.937E+04;7.667E-01;3.045E-04;;;;;5.310E+03;1.169E+01;1.263E+04;;;;
;2.975E+03;7.243E+00;4.778E+01;1.125E+00;3.058E+04;7.698E-01;2.967E-04;;;;;5.355E+03;1.141E+01;1.315E+04;;;;
;3.000E+03;7.125E+00;4.638E+01;1.127E+00;3.175E+04;7.726E-01;2.894E-04;;;;;5.400E+03;1.108E+01;1.365E+04;;;;
;3.025E+03;7.014E+00;4.477E+01;1.129E+00;3.289E+04;7.750E-01;2.826E-04;;;;;5.445E+03;1.069E+01;1.414E+04;;;;
;3.050E+03;6.911E+00;4.303E+01;1.131E+00;3.399E+04;7.772E-01;2.762E-04;;;;;5.490E+03;1.028E+01;1.461E+04;;;;
;3.075E+03;6.817E+00;4.119E+01;1.133E+00;3.504E+04;7.792E-01;2.702E-04;;;;;5.535E+03;9.839E+00;1.507E+04;;;;
;3.100E+03;6.729E+00;3.933E+01;1.135E+00;3.605E+04;7.810E-01;2.645E-04;;;;;5.580E+03;9.393E+00;1.550E+04;;;;
;3.125E+03;6.649E+00;3.747E+01;1.137E+00;3.701E+04;7.827E-01;2.593E-04;;;;;5.625E+03;8.949E+00;1.591E+04;;;;
;3.150E+03;6.575E+00;3.566E+01;1.139E+00;3.793E+04;7.844E-01;2.544E-04;;;;;5.670E+03;8.518E+00;1.630E+04;;;;
;3.175E+03;6.507E+00;3.394E+01;1.141E+00;3.879E+04;7.861E-01;2.498E-04;;;;;5.715E+03;8.107E+00;1.668E+04;;;;
;3.200E+03;6.445E+00;3.234E+01;1.143E+00;3.962E+04;7.877E-01;2.454E-04;;;;;5.760E+03;7.723E+00;1.703E+04;;;;
;3.225E+03;6.387E+00;3.086E+01;1.145E+00;4.041E+04;7.894E-01;2.414E-04;;;;;5.805E+03;7.371E+00;1.737E+04;;;;
;3.250E+03;6.335E+00;2.952E+01;1.147E+00;4.117E+04;7.912E-01;2.375E-04;;;;;5.850E+03;7.051E+00;1.770E+04;;;;
;3.275E+03;6.286E+00;2.833E+01;1.149E+00;4.189E+04;7.930E-01;2.339E-04;;;;;5.895E+03;6.767E+00;1.801E+04;;;;
;3.300E+03;6.240E+00;2.728E+01;1.150E+00;4.258E+04;7.948E-01;2.305E-04;;;;;5.940E+03;6.516E+00;1.831E+04;;;;
;3.325E+03;6.198E+00;2.637E+01;1.151E+00;4.326E+04;7.967E-01;2.272E-04;;;;;5.985E+03;6.297E+00;1.860E+04;;;;
;3.350E+03;6.159E+00;2.557E+01;1.153E+00;4.390E+04;7.986E-01;2.240E-04;;;;;6.030E+03;6.107E+00;1.888E+04;;;;
;3.375E+03;6.121E+00;2.488E+01;1.154E+00;4.453E+04;8.006E-01;2.210E-04;;;;;6.075E+03;5.942E+00;1.915E+04;;;;
;3.400E+03;6.086E+00;2.427E+01;1.155E+00;4.515E+04;8.026E-01;2.182E-04;;;;;6.120E+03;5.798E+00;1.941E+04;;;;
;3.425E+03;6.053E+00;2.373E+01;1.156E+00;4.575E+04;8.047E-01;2.154E-04;;;;;6.165E+03;5.667E+00;1.967E+04;;;;
;3.450E+03;6.021E+00;2.322E+01;1.157E+00;4.634E+04;8.068E-01;2.127E-04;;;;;6.210E+03;5.546E+00;1.992E+04;;;;
;3.475E+03;5.991E+00;2.272E+01;1.158E+00;4.691E+04;8.089E-01;2.101E-04;;;;;6.255E+03;5.427E+00;2.017E+04;;;;
;3.500E+03;5.963E+00;2.221E+01;1.160E+00;4.747E+04;8.111E-01;2.076E-04;;;;;6.300E+03;5.304E+00;2.041E+04;;;;
;3.525E+03;5.936E+00;2.165E+01;1.162E+00;4.802E+04;8.133E-01;2.052E-04;;;;;6.345E+03;5.172E+00;2.064E+04;;;;
;3.550E+03;5.910E+00;2.104E+01;1.164E+00;4.855E+04;8.156E-01;2.029E-04;;;;;6.390E+03;5.026E+00;2.087E+04;;;;
;3.575E+03;5.885E+00;2.036E+01;1.167E+00;4.907E+04;8.179E-01;2.006E-04;;;;;6.435E+03;4.862E+00;2.110E+04;;;;
;3.600E+03;5.862E+00;1.959E+01;1.170E+00;4.957E+04;8.202E-01;1.984E-04;;;;;6.480E+03;4.679E+00;2.131E+04;;;;
;3.625E+03;5.840E+00;1.873E+01;1.174E+00;5.005E+04;8.227E-01;1.963E-04;;;;;6.525E+03;4.474E+00;2.152E+04;;;;
;3.650E+03;5.820E+00;1.780E+01;1.179E+00;5.051E+04;8.252E-01;1.943E-04;;;;;6.570E+03;4.251E+00;2.171E+04;;;;
;3.675E+03;5.802E+00;1.680E+01;1.185E+00;5.094E+04;8.278E-01;1.924E-04;;;;;6.615E+03;4.013E+00;2.190E+04;;;;
;3.700E+03;5.785E+00;1.576E+01;1.192E+00;5.135E+04;8.306E-01;1.905E-04;;;;;6.660E+03;3.764E+00;2.207E+04;;;;
;3.725E+03;5.769E+00;1.470E+01;1.200E+00;5.173E+04;8.334E-01;1.887E-04;;;;;6.705E+03;3.510E+00;2.224E+04;;;;
;3.750E+03;5.755E+00;1.364E+01;1.209E+00;5.208E+04;8.363E-01;1.870E-04;;;;;6.750E+03;3.259E+00;2.239E+04;;;;
;3.775E+03;5.743E+00;1.262E+01;1.219E+00;5.241E+04;8.394E-01;1.854E-04;;;;;6.795E+03;3.015E+00;2.253E+04;;;;
;3.800E+03;5.732E+00;1.165E+01;1.231E+00;5.271E+04;8.426E-01;1.838E-04;;;;;6.840E+03;2.784E+00;2.266E+04;;;;
;3.825E+03;5.722E+00;1.076E+01;1.244E+00;5.299E+04;8.458E-01;1.823E-04;;;;;6.885E+03;2.569E+00;2.278E+04;;;;
;3.850E+03;5.713E+00;9.937E+00;1.258E+00;5.325E+04;8.492E-01;1.808E-04;;;;;6.930E+03;2.373E+00;2.289E+04;;;;
;3.875E+03;5.706E+00;9.202E+00;1.272E+00;5.349E+04;8.527E-01;1.794E-04;;;;;6.975E+03;2.198E+00;2.300E+04;;;;
;3.900E+03;5.699E+00;8.551E+00;1.288E+00;5.371E+04;8.563E-01;1.781E-04;;;;;7.020E+03;2.042E+00;2.309E+04;;;;
;3.925E+03;5.693E+00;7.980E+00;1.304E+00;5.392E+04;8.599E-01;1.768E-04;;;;;7.065E+03;1.906E+00;2.318E+04;;;;
;3.950E+03;5.688E+00;7.483E+00;1.320E+00;5.411E+04;8.636E-01;1.755E-04;;;;;7.110E+03;1.787E+00;2.326E+04;;;;
;3.975E+03;5.684E+00;7.053E+00;1.335E+00;5.429E+04;8.673E-01;1.743E-04;;;;;7.155E+03;1.685E+00;2.334E+04;;;;
;;;;;;;;;;;;;;;;;;
;;;;;;;;;;;;;;;;;;
P = 0.1 atm.;;;;;;;;;;;;;;;;;;
;T (K);M (kg/kmol);Cp (kJ/kg K);Gamma;h (kJ/kg);Mu (millipoise);rho (kg/m^3);;;;;T (R );Cp (Btu/lb R);h (Btu/lb);;;;
;2.000E+02;2.200E+01;1.512E+00;1.333E+00;-7.247E+03;8.688E-02;1.340E-01;;;;;3.600E+02;3.611E-01;-3.115E+03;;;;
;2.250E+02;2.200E+01;1.534E+00;1.327E+00;-7.208E+03;9.666E-02;1.191E-01;;;;;4.050E+02;3.663E-01;-3.099E+03;;;;
;2.500E+02;2.200E+01;1.560E+00;1.320E+00;-7.170E+03;1.065E-01;1.072E-01;;;;;4.500E+02;3.725E-01;-3.082E+03;;;;
;2.750E+02;2.200E+01;1.592E+00;1.311E+00;-7.130E+03;1.162E-01;9.747E-02;;;;;4.950E+02;3.803E-01;-3.066E+03;;;;
;3.000E+02;2.200E+01;1.632E+00;1.302E+00;-7.090E+03;1.257E-01;8.935E-02;;;;;5.400E+02;3.898E-01;-3.048E+03;;;;
;3.250E+02;2.200E+01;1.679E+00;1.291E+00;-7.049E+03;1.351E-01;8.248E-02;;;;;5.850E+02;4.010E-01;-3.030E+03;;;;
;3.500E+02;2.199E+01;1.735E+00;1.279E+00;-7.006E+03;1.444E-01;7.658E-02;;;;;6.300E+02;4.144E-01;-3.012E+03;;;;
;3.750E+02;2.199E+01;1.804E+00;1.267E+00;-6.962E+03;1.535E-01;7.147E-02;;;;;6.750E+02;4.308E-01;-2.993E+03;;;;
;4.000E+02;2.198E+01;1.891E+00;1.254E+00;-6.916E+03;1.623E-01;6.698E-02;;;;;7.200E+02;4.516E-01;-2.973E+03;;;;
;4.250E+02;2.197E+01;2.004E+00;1.240E+00;-6.867E+03;1.711E-01;6.300E-02;;;;;7.650E+02;4.787E-01;-2.952E+03;;;;
;4.500E+02;2.195E+01;2.155E+00;1.225E+00;-6.815E+03;1.796E-01;5.944E-02;;;;;8.100E+02;5.148E-01;-2.930E+03;;;;
;4.750E+02;2.191E+01;2.357E+00;1.209E+00;-6.759E+03;1.881E-01;5.621E-02;;;;;8.550E+02;5.630E-01;-2.906E+03;;;;
;5.000E+02;2.185E+01;2.625E+00;1.194E+00;-6.697E+03;1.964E-01;5.325E-02;;;;;9.000E+02;6.270E-01;-2.879E+03;;;;
;5.250E+02;2.176E+01;2.977E+00;1.179E+00;-6.627E+03;2.047E-01;5.050E-02;;;;;9.450E+02;7.110E-01;-2.849E+03;;;;
;5.500E+02;2.163E+01;3.440E+00;1.165E+00;-6.547E+03;2.129E-01;4.792E-02;;;;;9.900E+02;8.215E-01;-2.815E+03;;;;
;5.750E+02;2.145E+01;4.064E+00;1.152E+00;-6.454E+03;2.210E-01;4.545E-02;;;;;1.035E+03;9.706E-01;-2.775E+03;;;;
;6.000E+02;2.120E+01;4.953E+00;1.138E+00;-6.342E+03;2.291E-01;4.307E-02;;;;;1.080E+03;1.183E+00;-2.726E+03;;;;
;6.250E+02;2.088E+01;6.291E+00;1.125E+00;-6.202E+03;2.372E-01;4.071E-02;;;;;1.125E+03;1.503E+00;-2.667E+03;;;;
;6.500E+02;2.044E+01;8.300E+00;1.114E+00;-6.022E+03;2.455E-01;3.832E-02;;;;;1.170E+03;1.983E+00;-2.589E+03;;;;
;6.750E+02;1.984E+01;1.111E+01;1.107E+00;-5.781E+03;2.541E-01;3.583E-02;;;;;1.215E+03;2.653E+00;-2.485E+03;;;;
;7.000E+02;1.907E+01;1.457E+01;1.104E+00;-5.461E+03;2.630E-01;3.320E-02;;;;;1.260E+03;3.480E+00;-2.348E+03;;;;
;7.250E+02;1.813E+01;1.824E+01;1.104E+00;-5.050E+03;2.722E-01;3.047E-02;;;;;1.305E+03;4.355E+00;-2.171E+03;;;;
;7.500E+02;1.708E+01;2.124E+01;1.106E+00;-4.554E+03;2.815E-01;2.775E-02;;;;;1.350E+03;5.072E+00;-1.958E+03;;;;
;7.750E+02;1.604E+01;2.231E+01;1.110E+00;-4.005E+03;2.906E-01;2.522E-02;;;;;1.395E+03;5.330E+00;-1.722E+03;;;;
;8.000E+02;1.513E+01;2.029E+01;1.118E+00;-3.465E+03;2.991E-01;2.305E-02;;;;;1.440E+03;4.846E+00;-1.490E+03;;;;
;8.250E+02;1.447E+01;1.534E+01;1.129E+00;-3.015E+03;3.068E-01;2.138E-02;;;;;1.485E+03;3.663E+00;-1.296E+03;;;;
;8.500E+02;1.408E+01;9.808E+00;1.148E+00;-2.703E+03;3.139E-01;2.019E-02;;;;;1.530E+03;2.342E+00;-1.162E+03;;;;
;8.750E+02;1.389E+01;6.063E+00;1.177E+00;-2.509E+03;3.205E-01;1.934E-02;;;;;1.575E+03;1.448E+00;-1.079E+03;;;;
;9.000E+02;1.381E+01;4.252E+00;1.209E+00;-2.383E+03;3.268E-01;1.870E-02;;;;;1.620E+03;1.016E+00;-1.025E+03;;;;
;9.250E+02;1.378E+01;3.518E+00;1.231E+00;-2.288E+03;3.330E-01;1.815E-02;;;;;1.665E+03;8.403E-01;-9.835E+02;;;;
;9.500E+02;1.376E+01;3.260E+00;1.240E+00;-2.204E+03;3.391E-01;1.765E-02;;;;;1.710E+03;7.787E-01;-9.473E+02;;;;
;9.750E+02;1.375E+01;3.251E+00;1.238E+00;-2.123E+03;3.451E-01;1.719E-02;;;;;1.755E+03;7.765E-01;-9.126E+02;;;;
;1.000E+03;1.374E+01;3.651E+00;1.221E+00;-2.038E+03;3.511E-01;1.675E-02;;;;;1.800E+03;8.720E-01;-8.761E+02;;;;
;1.025E+03;1.370E+01;5.339E+00;1.183E+00;-1.929E+03;3.576E-01;1.629E-02;;;;;1.845E+03;1.275E+00;-8.294E+02;;;;
;1.050E+03;1.359E+01;7.926E+00;1.159E+00;-1.762E+03;3.653E-01;1.578E-02;;;;;1.890E+03;1.893E+00;-7.577E+02;;;;
;1.075E+03;1.342E+01;9.321E+00;1.154E+00;-1.544E+03;3.741E-01;1.522E-02;;;;;1.935E+03;2.226E+00;-6.638E+02;;;;
;1.100E+03;1.323E+01;9.745E+00;1.154E+00;-1.304E+03;3.834E-01;1.466E-02;;;;;1.980E+03;2.328E+00;-5.607E+02;;;;
;1.125E+03;1.304E+01;9.709E+00;1.157E+00;-1.061E+03;3.928E-01;1.413E-02;;;;;2.025E+03;2.319E+00;-4.559E+02;;;;
;1.150E+03;1.287E+01;9.459E+00;1.159E+00;-8.206E+02;4.020E-01;1.363E-02;;;;;2.070E+03;2.259E+00;-3.528E+02;;;;
;1.175E+03;1.270E+01;9.126E+00;1.162E+00;-5.882E+02;4.109E-01;1.318E-02;;;;;2.115E+03;2.180E+00;-2.529E+02;;;;
;1.200E+03;1.256E+01;8.799E+00;1.164E+00;-3.642E+02;4.193E-01;1.275E-02;;;;;2.160E+03;2.101E+00;-1.566E+02;;;;
;1.225E+03;1.243E+01;8.544E+00;1.164E+00;-1.477E+02;4.273E-01;1.236E-02;;;;;2.205E+03;2.041E+00;-6.348E+01;;;;
;1.250E+03;1.231E+01;8.418E+00;1.163E+00;6.406E+01;4.348E-01;1.200E-02;;;;;2.250E+03;2.011E+00;2.754E+01;;;;
;1.275E+03;1.220E+01;8.467E+00;1.160E+00;2.747E+02;4.415E-01;1.166E-02;;;;;2.295E+03;2.022E+00;1.181E+02;;;;
;1.300E+03;1.210E+01;8.733E+00;1.154E+00;4.892E+02;4.475E-01;1.134E-02;;;;;2.340E+03;2.086E+00;2.103E+02;;;;
;1.325E+03;1.200E+01;9.250E+00;1.147E+00;7.134E+02;4.527E-01;1.104E-02;;;;;2.385E+03;2.209E+00;3.067E+02;;;;
;1.350E+03;1.190E+01;1.004E+01;1.139E+00;9.540E+02;4.569E-01;1.075E-02;;;;;2.430E+03;2.398E+00;4.101E+02;;;;
;1.375E+03;1.180E+01;1.109E+01;1.132E+00;1.218E+03;4.600E-01;1.046E-02;;;;;2.475E+03;2.648E+00;5.234E+02;;;;
;1.400E+03;1.169E+01;1.230E+01;1.126E+00;1.510E+03;4.619E-01;1.018E-02;;;;;2.520E+03;2.939E+00;6.491E+02;;;;
;1.425E+03;1.157E+01;1.344E+01;1.122E+00;1.832E+03;4.629E-01;9.896E-03;;;;;2.565E+03;3.210E+00;7.877E+02;;;;
;1.450E+03;1.145E+01;1.398E+01;1.121E+00;2.177E+03;4.632E-01;9.621E-03;;;;;2.610E+03;3.338E+00;9.359E+02;;;;
;1.475E+03;1.133E+01;1.317E+01;1.126E+00;2.520E+03;4.635E-01;9.360E-03;;;;;2.655E+03;3.145E+00;1.083E+03;;;;
;1.500E+03;1.123E+01;1.084E+01;1.140E+00;2.822E+03;4.647E-01;9.123E-03;;;;;2.700E+03;2.588E+00;1.213E+03;;;;
;1.525E+03;1.116E+01;8.145E+00;1.164E+00;3.058E+03;4.674E-01;8.917E-03;;;;;2.745E+03;1.945E+00;1.315E+03;;;;
;1.550E+03;1.111E+01;6.262E+00;1.192E+00;3.236E+03;4.714E-01;8.737E-03;;;;;2.790E+03;1.496E+00;1.391E+03;;;;
;1.575E+03;1.108E+01;5.217E+00;1.216E+00;3.379E+03;4.759E-01;8.576E-03;;;;;2.835E+03;1.246E+00;1.452E+03;;;;
;1.600E+03;1.106E+01;4.653E+00;1.232E+00;3.501E+03;4.808E-01;8.426E-03;;;;;2.880E+03;1.111E+00;1.505E+03;;;;
;1.625E+03;1.105E+01;4.330E+00;1.243E+00;3.613E+03;4.857E-01;8.286E-03;;;;;2.925E+03;1.034E+00;1.553E+03;;;;
;1.650E+03;1.104E+01;4.132E+00;1.250E+00;3.719E+03;4.907E-01;8.152E-03;;;;;2.970E+03;9.868E-01;1.599E+03;;;;
;1.675E+03;1.103E+01;4.004E+00;1.254E+00;3.820E+03;4.957E-01;8.024E-03;;;;;3.015E+03;9.564E-01;1.642E+03;;;;
;1.700E+03;1.102E+01;3.921E+00;1.257E+00;3.919E+03;5.007E-01;7.902E-03;;;;;3.060E+03;9.365E-01;1.685E+03;;;;
;1.725E+03;1.102E+01;3.868E+00;1.258E+00;4.017E+03;5.057E-01;7.783E-03;;;;;3.105E+03;9.240E-01;1.727E+03;;;;
;1.750E+03;1.101E+01;3.838E+00;1.259E+00;4.113E+03;5.107E-01;7.669E-03;;;;;3.150E+03;9.166E-01;1.768E+03;;;;
;1.775E+03;1.101E+01;3.824E+00;1.258E+00;4.209E+03;5.156E-01;7.558E-03;;;;;3.195E+03;9.134E-01;1.809E+03;;;;
;1.800E+03;1.101E+01;3.825E+00;1.257E+00;4.304E+03;5.206E-01;7.451E-03;;;;;3.240E+03;9.135E-01;1.850E+03;;;;
;1.825E+03;1.100E+01;3.837E+00;1.256E+00;4.400E+03;5.255E-01;7.347E-03;;;;;3.285E+03;9.164E-01;1.892E+03;;;;
;1.850E+03;1.100E+01;3.860E+00;1.254E+00;4.496E+03;5.305E-01;7.246E-03;;;;;3.330E+03;9.219E-01;1.933E+03;;;;
;1.875E+03;1.100E+01;3.893E+00;1.252E+00;4.593E+03;5.354E-01;7.147E-03;;;;;3.375E+03;9.298E-01;1.975E+03;;;;
;1.900E+03;1.099E+01;3.936E+00;1.249E+00;4.691E+03;5.403E-01;7.051E-03;;;;;3.420E+03;9.400E-01;2.017E+03;;;;
;1.925E+03;1.099E+01;3.988E+00;1.246E+00;4.790E+03;5.452E-01;6.957E-03;;;;;3.465E+03;9.525E-01;2.059E+03;;;;
;1.950E+03;1.099E+01;4.050E+00;1.243E+00;4.890E+03;5.501E-01;6.866E-03;;;;;3.510E+03;9.673E-01;2.102E+03;;;;
;1.975E+03;1.098E+01;4.122E+00;1.239E+00;4.993E+03;5.550E-01;6.777E-03;;;;;3.555E+03;9.846E-01;2.146E+03;;;;
;2.000E+03;1.098E+01;4.205E+00;1.235E+00;5.097E+03;5.599E-01;6.690E-03;;;;;3.600E+03;1.004E+00;2.191E+03;;;;
;2.025E+03;1.097E+01;4.300E+00;1.231E+00;5.203E+03;5.647E-01;6.604E-03;;;;;3.645E+03;1.027E+00;2.237E+03;;;;
;2.050E+03;1.097E+01;4.406E+00;1.227E+00;5.312E+03;5.696E-01;6.521E-03;;;;;3.690E+03;1.052E+00;2.284E+03;;;;
;2.075E+03;1.096E+01;4.525E+00;1.222E+00;5.423E+03;5.745E-01;6.439E-03;;;;;3.735E+03;1.081E+00;2.332E+03;;;;
;2.100E+03;1.096E+01;4.659E+00;1.218E+00;5.538E+03;5.794E-01;6.358E-03;;;;;3.780E+03;1.113E+00;2.381E+03;;;;
;2.125E+03;1.095E+01;4.807E+00;1.213E+00;5.656E+03;5.842E-01;6.279E-03;;;;;3.825E+03;1.148E+00;2.432E+03;;;;
;2.150E+03;1.094E+01;4.971E+00;1.208E+00;5.779E+03;5.891E-01;6.202E-03;;;;;3.870E+03;1.187E+00;2.484E+03;;;;
;2.175E+03;1.093E+01;5.153E+00;1.203E+00;5.905E+03;5.940E-01;6.125E-03;;;;;3.915E+03;1.231E+00;2.539E+03;;;;
;2.200E+03;1.092E+01;5.352E+00;1.198E+00;6.036E+03;5.988E-01;6.050E-03;;;;;3.960E+03;1.278E+00;2.595E+03;;;;
;2.225E+03;1.091E+01;5.572E+00;1.193E+00;6.173E+03;6.037E-01;5.975E-03;;;;;4.005E+03;1.331E+00;2.654E+03;;;;
;2.250E+03;1.090E+01;5.813E+00;1.188E+00;6.315E+03;6.086E-01;5.901E-03;;;;;4.050E+03;1.388E+00;2.715E+03;;;;
;2.275E+03;1.088E+01;6.076E+00;1.184E+00;6.464E+03;6.135E-01;5.829E-03;;;;;4.095E+03;1.451E+00;2.779E+03;;;;
;2.300E+03;1.087E+01;6.364E+00;1.179E+00;6.619E+03;6.184E-01;5.757E-03;;;;;4.140E+03;1.520E+00;2.846E+03;;;;
;2.325E+03;1.085E+01;6.677E+00;1.175E+00;6.782E+03;6.234E-01;5.685E-03;;;;;4.185E+03;1.595E+00;2.916E+03;;;;
;2.350E+03;1.083E+01;7.017E+00;1.171E+00;6.953E+03;6.283E-01;5.614E-03;;;;;4.230E+03;1.676E+00;2.989E+03;;;;
;2.375E+03;1.080E+01;7.386E+00;1.166E+00;7.133E+03;6.333E-01;5.544E-03;;;;;4.275E+03;1.764E+00;3.067E+03;;;;
;2.400E+03;1.078E+01;7.786E+00;1.163E+00;7.323E+03;6.383E-01;5.473E-03;;;;;4.320E+03;1.860E+00;3.148E+03;;;;
;2.425E+03;1.075E+01;8.218E+00;1.159E+00;7.523E+03;6.433E-01;5.403E-03;;;;;4.365E+03;1.963E+00;3.234E+03;;;;
;2.450E+03;1.072E+01;8.685E+00;1.155E+00;7.734E+03;6.483E-01;5.334E-03;;;;;4.410E+03;2.074E+00;3.325E+03;;;;
;2.475E+03;1.069E+01;9.187E+00;1.152E+00;7.957E+03;6.534E-01;5.264E-03;;;;;4.455E+03;2.194E+00;3.421E+03;;;;
;2.500E+03;1.066E+01;9.728E+00;1.149E+00;8.194E+03;6.585E-01;5.194E-03;;;;;4.500E+03;2.323E+00;3.523E+03;;;;
;2.525E+03;1.062E+01;1.031E+01;1.146E+00;8.444E+03;6.637E-01;5.124E-03;;;;;4.545E+03;2.462E+00;3.630E+03;;;;
;2.550E+03;1.057E+01;1.093E+01;1.144E+00;8.709E+03;6.689E-01;5.054E-03;;;;;4.590E+03;2.611E+00;3.744E+03;;;;
;2.575E+03;1.053E+01;1.160E+01;1.141E+00;8.991E+03;6.741E-01;4.983E-03;;;;;4.635E+03;2.771E+00;3.865E+03;;;;
;2.600E+03;1.048E+01;1.232E+01;1.139E+00;9.290E+03;6.794E-01;4.912E-03;;;;;4.680E+03;2.942E+00;3.994E+03;;;;
;2.625E+03;1.043E+01;1.308E+01;1.137E+00;9.607E+03;6.847E-01;4.841E-03;;;;;4.725E+03;3.125E+00;4.130E+03;;;;
;2.650E+03;1.037E+01;1.390E+01;1.135E+00;9.945E+03;6.901E-01;4.769E-03;;;;;4.770E+03;3.320E+00;4.275E+03;;;;
;2.675E+03;1.031E+01;1.478E+01;1.133E+00;1.030E+04;6.955E-01;4.697E-03;;;;;4.815E+03;3.529E+00;4.429E+03;;;;
;2.700E+03;1.025E+01;1.571E+01;1.132E+00;1.068E+04;7.010E-01;4.624E-03;;;;;4.860E+03;3.751E+00;4.593E+03;;;;
;2.725E+03;1.018E+01;1.670E+01;1.131E+00;1.109E+04;7.065E-01;4.551E-03;;;;;4.905E+03;3.988E+00;4.767E+03;;;;
;2.750E+03;1.010E+01;1.775E+01;1.129E+00;1.152E+04;7.122E-01;4.476E-03;;;;;4.950E+03;4.239E+00;4.952E+03;;;;
;2.775E+03;1.002E+01;1.886E+01;1.128E+00;1.198E+04;7.179E-01;4.402E-03;;;;;4.995E+03;4.505E+00;5.149E+03;;;;
;2.800E+03;9.939E+00;2.004E+01;1.128E+00;1.246E+04;7.236E-01;4.326E-03;;;;;5.040E+03;4.786E+00;5.358E+03;;;;
;2.825E+03;9.851E+00;2.128E+01;1.127E+00;1.298E+04;7.295E-01;4.250E-03;;;;;5.085E+03;5.083E+00;5.580E+03;;;;
;2.850E+03;9.758E+00;2.258E+01;1.126E+00;1.353E+04;7.354E-01;4.172E-03;;;;;5.130E+03;5.394E+00;5.816E+03;;;;
;2.875E+03;9.660E+00;2.394E+01;1.126E+00;1.411E+04;7.414E-01;4.095E-03;;;;;5.175E+03;5.718E+00;6.066E+03;;;;
;2.900E+03;9.557E+00;2.535E+01;1.125E+00;1.473E+04;7.475E-01;4.016E-03;;;;;5.220E+03;6.054E+00;6.331E+03;;;;
;2.925E+03;9.450E+00;2.679E+01;1.125E+00;1.538E+04;7.536E-01;3.937E-03;;;;;5.265E+03;6.400E+00;6.610E+03;;;;
;2.950E+03;9.339E+00;2.827E+01;1.125E+00;1.606E+04;7.598E-01;3.858E-03;;;;;5.310E+03;6.752E+00;6.906E+03;;;;
;2.975E+03;9.223E+00;2.975E+01;1.125E+00;1.679E+04;7.661E-01;3.778E-03;;;;;5.355E+03;7.106E+00;7.218E+03;;;;
;3.000E+03;9.104E+00;3.122E+01;1.125E+00;1.755E+04;7.724E-01;3.698E-03;;;;;5.400E+03;7.458E+00;7.546E+03;;;;
;3.025E+03;8.982E+00;3.267E+01;1.126E+00;1.835E+04;7.786E-01;3.618E-03;;;;;5.445E+03;7.802E+00;7.890E+03;;;;
;3.050E+03;8.857E+00;3.405E+01;1.126E+00;1.919E+04;7.849E-01;3.539E-03;;;;;5.490E+03;8.133E+00;8.248E+03;;;;
;3.075E+03;8.730E+00;3.536E+01;1.127E+00;2.005E+04;7.911E-01;3.460E-03;;;;;5.535E+03;8.445E+00;8.621E+03;;;;
;3.100E+03;8.602E+00;3.656E+01;1.127E+00;2.095E+04;7.972E-01;3.381E-03;;;;;5.580E+03;8.731E+00;9.008E+03;;;;
;3.125E+03;8.473E+00;3.763E+01;1.128E+00;2.188E+04;8.032E-01;3.304E-03;;;;;5.625E+03;8.988E+00;9.406E+03;;;;
;3.150E+03;8.344E+00;3.857E+01;1.129E+00;2.283E+04;8.089E-01;3.228E-03;;;;;5.670E+03;9.211E+00;9.816E+03;;;;
;3.175E+03;8.216E+00;3.934E+01;1.130E+00;2.381E+04;8.145E-01;3.154E-03;;;;;5.715E+03;9.396E+00;1.023E+04;;;;
;3.200E+03;8.090E+00;3.994E+01;1.131E+00;2.480E+04;8.199E-01;3.081E-03;;;;;5.760E+03;9.540E+00;1.066E+04;;;;
;3.225E+03;7.966E+00;4.037E+01;1.132E+00;2.580E+04;8.249E-01;3.010E-03;;;;;5.805E+03;9.643E+00;1.109E+04;;;;
;3.250E+03;7.845E+00;4.063E+01;1.133E+00;2.682E+04;8.297E-01;2.942E-03;;;;;5.850E+03;9.703E+00;1.153E+04;;;;
;3.275E+03;7.727E+00;4.070E+01;1.135E+00;2.783E+04;8.342E-01;2.875E-03;;;;;5.895E+03;9.722E+00;1.197E+04;;;;
;3.300E+03;7.612E+00;4.062E+01;1.136E+00;2.885E+04;8.383E-01;2.811E-03;;;;;5.940E+03;9.701E+00;1.240E+04;;;;
;3.325E+03;7.502E+00;4.037E+01;1.137E+00;2.986E+04;8.421E-01;2.750E-03;;;;;5.985E+03;9.642E+00;1.284E+04;;;;
;3.350E+03;7.396E+00;3.997E+01;1.139E+00;3.087E+04;8.457E-01;2.690E-03;;;;;6.030E+03;9.548E+00;1.327E+04;;;;
;3.375E+03;7.294E+00;3.945E+01;1.140E+00;3.186E+04;8.489E-01;2.634E-03;;;;;6.075E+03;9.422E+00;1.370E+04;;;;
;3.400E+03;7.197E+00;3.881E+01;1.142E+00;3.284E+04;8.518E-01;2.580E-03;;;;;6.120E+03;9.269E+00;1.412E+04;;;;
;3.425E+03;7.104E+00;3.807E+01;1.143E+00;3.380E+04;8.545E-01;2.528E-03;;;;;6.165E+03;9.092E+00;1.453E+04;;;;
;3.450E+03;7.017E+00;3.725E+01;1.145E+00;3.474E+04;8.570E-01;2.479E-03;;;;;6.210E+03;8.896E+00;1.494E+04;;;;
;3.475E+03;6.934E+00;3.636E+01;1.146E+00;3.566E+04;8.593E-01;2.432E-03;;;;;6.255E+03;8.685E+00;1.533E+04;;;;
;3.500E+03;6.855E+00;3.543E+01;1.148E+00;3.656E+04;8.614E-01;2.387E-03;;;;;6.300E+03;8.463E+00;1.572E+04;;;;
;3.525E+03;6.781E+00;3.448E+01;1.150E+00;3.743E+04;8.634E-01;2.344E-03;;;;;6.345E+03;8.234E+00;1.609E+04;;;;
;3.550E+03;6.711E+00;3.351E+01;1.151E+00;3.828E+04;8.653E-01;2.304E-03;;;;;6.390E+03;8.003E+00;1.646E+04;;;;
;3.575E+03;6.645E+00;3.254E+01;1.153E+00;3.911E+04;8.670E-01;2.265E-03;;;;;6.435E+03;7.771E+00;1.681E+04;;;;
;3.600E+03;6.582E+00;3.158E+01;1.154E+00;3.991E+04;8.688E-01;2.228E-03;;;;;6.480E+03;7.542E+00;1.716E+04;;;;
;3.625E+03;6.524E+00;3.064E+01;1.156E+00;4.069E+04;8.705E-01;2.193E-03;;;;;6.525E+03;7.318E+00;1.749E+04;;;;
;3.650E+03;6.468E+00;2.973E+01;1.157E+00;4.144E+04;8.721E-01;2.160E-03;;;;;6.570E+03;7.102E+00;1.782E+04;;;;
;3.675E+03;6.416E+00;2.886E+01;1.159E+00;4.217E+04;8.738E-01;2.128E-03;;;;;6.615E+03;6.894E+00;1.813E+04;;;;
;3.700E+03;6.367E+00;2.803E+01;1.161E+00;4.288E+04;8.754E-01;2.097E-03;;;;;6.660E+03;6.694E+00;1.844E+04;;;;
;3.725E+03;6.321E+00;2.723E+01;1.162E+00;4.358E+04;8.771E-01;2.068E-03;;;;;6.705E+03;6.504E+00;1.873E+04;;;;
;3.750E+03;6.277E+00;2.647E+01;1.164E+00;4.425E+04;8.788E-01;2.040E-03;;;;;6.750E+03;6.322E+00;1.902E+04;;;;
;3.775E+03;6.236E+00;2.574E+01;1.165E+00;4.490E+04;8.805E-01;2.013E-03;;;;;6.795E+03;6.148E+00;1.930E+04;;;;
;3.800E+03;6.197E+00;2.504E+01;1.167E+00;4.553E+04;8.822E-01;1.987E-03;;;;;6.840E+03;5.980E+00;1.958E+04;;;;
;3.825E+03;6.160E+00;2.436E+01;1.168E+00;4.615E+04;8.840E-01;1.963E-03;;;;;6.885E+03;5.818E+00;1.984E+04;;;;
;3.850E+03;6.125E+00;2.369E+01;1.170E+00;4.675E+04;8.858E-01;1.939E-03;;;;;6.930E+03;5.659E+00;2.010E+04;;;;
;3.875E+03;6.091E+00;2.304E+01;1.172E+00;4.734E+04;8.877E-01;1.916E-03;;;;;6.975E+03;5.502E+00;2.035E+04;;;;
;3.900E+03;6.060E+00;2.238E+01;1.174E+00;4.790E+04;8.896E-01;1.894E-03;;;;;7.020E+03;5.345E+00;2.059E+04;;;;
;3.925E+03;6.030E+00;2.171E+01;1.176E+00;4.845E+04;8.915E-01;1.872E-03;;;;;7.065E+03;5.186E+00;2.083E+04;;;;
;3.950E+03;6.001E+00;2.103E+01;1.179E+00;4.899E+04;8.935E-01;1.852E-03;;;;;7.110E+03;5.024E+00;2.106E+04;;;;
;3.975E+03;5.975E+00;2.034E+01;1.181E+00;4.951E+04;8.956E-01;1.832E-03;;;;;7.155E+03;4.857E+00;2.128E+04;;;;
;;;;;;;;;;;;;;;;;;
;;;;;;;;;;;;;;;;;;
P = 1.0 atm.;;;;;;;;;;;;;;;;;;
;T (K);M (kg/kmol);Cp (kJ/kg K);Gamma;h (kJ/kg);Mu (millipoise);rho (kg/m^3);;;;;T (R );Cp (Btu/lb R);h (Btu/lb);;;;
;2.000E+02;2.200E+01;1.512E+00;1.333E+00;-7.247E+03;8.688E-02;1.340E+00;;;;;3.600E+02;3.611E-01;-3.115E+03;;;;
;2.250E+02;2.200E+01;1.534E+00;1.327E+00;-7.208E+03;9.666E-02;1.191E+00;;;;;4.050E+02;3.663E-01;-3.099E+03;;;;
;2.500E+02;2.200E+01;1.560E+00;1.320E+00;-7.170E+03;1.065E-01;1.072E+00;;;;;4.500E+02;3.725E-01;-3.082E+03;;;;
;2.750E+02;2.200E+01;1.592E+00;1.311E+00;-7.130E+03;1.162E-01;9.747E-01;;;;;4.950E+02;3.803E-01;-3.066E+03;;;;
;3.000E+02;2.200E+01;1.631E+00;1.302E+00;-7.090E+03;1.257E-01;8.935E-01;;;;;5.400E+02;3.895E-01;-3.048E+03;;;;
;3.250E+02;2.200E+01;1.676E+00;1.291E+00;-7.049E+03;1.351E-01;8.248E-01;;;;;5.850E+02;4.002E-01;-3.030E+03;;;;
;3.500E+02;2.200E+01;1.726E+00;1.281E+00;-7.006E+03;1.444E-01;7.658E-01;;;;;6.300E+02;4.122E-01;-3.012E+03;;;;
;3.750E+02;2.199E+01;1.783E+00;1.270E+00;-6.963E+03;1.534E-01;7.148E-01;;;;;6.750E+02;4.258E-01;-2.993E+03;;;;
;4.000E+02;2.199E+01;1.847E+00;1.259E+00;-6.917E+03;1.623E-01;6.700E-01;;;;;7.200E+02;4.411E-01;-2.974E+03;;;;
;4.250E+02;2.199E+01;1.921E+00;1.248E+00;-6.870E+03;1.710E-01;6.305E-01;;;;;7.650E+02;4.587E-01;-2.954E+03;;;;
;4.500E+02;2.198E+01;2.008E+00;1.236E+00;-6.821E+03;1.796E-01;5.953E-01;;;;;8.100E+02;4.795E-01;-2.933E+03;;;;
;4.750E+02;2.197E+01;2.112E+00;1.225E+00;-6.770E+03;1.879E-01;5.636E-01;;;;;8.550E+02;5.045E-01;-2.910E+03;;;;
;5.000E+02;2.195E+01;2.241E+00;1.213E+00;-6.715E+03;1.962E-01;5.349E-01;;;;;9.000E+02;5.353E-01;-2.887E+03;;;;
;5.250E+02;2.192E+01;2.402E+00;1.202E+00;-6.657E+03;2.042E-01;5.087E-01;;;;;9.450E+02;5.737E-01;-2.862E+03;;;;
;5.500E+02;2.187E+01;2.605E+00;1.190E+00;-6.595E+03;2.122E-01;4.846E-01;;;;;9.900E+02;6.223E-01;-2.835E+03;;;;
;5.750E+02;2.180E+01;2.867E+00;1.179E+00;-6.527E+03;2.201E-01;4.621E-01;;;;;1.035E+03;6.848E-01;-2.806E+03;;;;
;6.000E+02;2.171E+01;3.210E+00;1.167E+00;-6.451E+03;2.279E-01;4.410E-01;;;;;1.080E+03;7.667E-01;-2.773E+03;;;;
;6.250E+02;2.159E+01;3.671E+00;1.155E+00;-6.365E+03;2.356E-01;4.209E-01;;;;;1.125E+03;8.767E-01;-2.736E+03;;;;
;6.500E+02;2.142E+01;4.301E+00;1.144E+00;-6.266E+03;2.432E-01;4.016E-01;;;;;1.170E+03;1.027E+00;-2.694E+03;;;;
;6.750E+02;2.119E+01;5.171E+00;1.133E+00;-6.148E+03;2.509E-01;3.826E-01;;;;;1.215E+03;1.235E+00;-2.643E+03;;;;
;7.000E+02;2.089E+01;6.351E+00;1.124E+00;-6.005E+03;2.586E-01;3.637E-01;;;;;1.260E+03;1.517E+00;-2.582E+03;;;;
;7.250E+02;2.050E+01;7.882E+00;1.117E+00;-5.827E+03;2.664E-01;3.445E-01;;;;;1.305E+03;1.883E+00;-2.505E+03;;;;
;7.500E+02;1.999E+01;9.748E+00;1.113E+00;-5.608E+03;2.744E-01;3.248E-01;;;;;1.350E+03;2.328E+00;-2.411E+03;;;;
;7.750E+02;1.937E+01;1.185E+01;1.111E+00;-5.338E+03;2.826E-01;3.046E-01;;;;;1.395E+03;2.831E+00;-2.295E+03;;;;
;8.000E+02;1.864E+01;1.403E+01;1.112E+00;-5.014E+03;2.909E-01;2.840E-01;;;;;1.440E+03;3.351E+00;-2.156E+03;;;;
;8.250E+02;1.784E+01;1.601E+01;1.114E+00;-4.638E+03;2.993E-01;2.635E-01;;;;;1.485E+03;3.824E+00;-1.994E+03;;;;
;8.500E+02;1.700E+01;1.744E+01;1.117E+00;-4.219E+03;3.076E-01;2.438E-01;;;;;1.530E+03;4.165E+00;-1.814E+03;;;;
;8.750E+02;1.619E+01;1.789E+01;1.122E+00;-3.775E+03;3.157E-01;2.255E-01;;;;;1.575E+03;4.272E+00;-1.623E+03;;;;
;9.000E+02;1.546E+01;1.701E+01;1.128E+00;-3.335E+03;3.235E-01;2.093E-01;;;;;1.620E+03;4.063E+00;-1.434E+03;;;;
;9.250E+02;1.486E+01;1.477E+01;1.136E+00;-2.936E+03;3.309E-01;1.957E-01;;;;;1.665E+03;3.527E+00;-1.262E+03;;;;
;9.500E+02;1.441E+01;1.165E+01;1.147E+00;-2.605E+03;3.378E-01;1.849E-01;;;;;1.710E+03;2.782E+00;-1.120E+03;;;;
;9.750E+02;1.412E+01;8.558E+00;1.162E+00;-2.353E+03;3.444E-01;1.765E-01;;;;;1.755E+03;2.044E+00;-1.012E+03;;;;
;1.000E+03;1.395E+01;6.222E+00;1.180E+00;-2.170E+03;3.506E-01;1.700E-01;;;;;1.800E+03;1.486E+00;-9.330E+02;;;;
;1.025E+03;1.385E+01;4.784E+00;1.199E+00;-2.034E+03;3.566E-01;1.647E-01;;;;;1.845E+03;1.143E+00;-8.745E+02;;;;
;1.050E+03;1.380E+01;4.014E+00;1.214E+00;-1.925E+03;3.625E-01;1.602E-01;;;;;1.890E+03;9.586E-01;-8.278E+02;;;;
;1.075E+03;1.378E+01;3.644E+00;1.222E+00;-1.830E+03;3.683E-01;1.562E-01;;;;;1.935E+03;8.703E-01;-7.869E+02;;;;
;1.100E+03;1.376E+01;3.509E+00;1.224E+00;-1.741E+03;3.740E-01;1.525E-01;;;;;1.980E+03;8.382E-01;-7.486E+02;;;;
;1.125E+03;1.375E+01;3.561E+00;1.220E+00;-1.653E+03;3.797E-01;1.490E-01;;;;;2.025E+03;8.504E-01;-7.108E+02;;;;
;1.150E+03;1.374E+01;3.901E+00;1.209E+00;-1.561E+03;3.854E-01;1.456E-01;;;;;2.070E+03;9.317E-01;-6.711E+02;;;;
;1.175E+03;1.371E+01;4.807E+00;1.190E+00;-1.454E+03;3.913E-01;1.422E-01;;;;;2.115E+03;1.148E+00;-6.249E+02;;;;
;1.200E+03;1.364E+01;6.235E+00;1.174E+00;-1.316E+03;3.979E-01;1.385E-01;;;;;2.160E+03;1.489E+00;-5.657E+02;;;;
;1.225E+03;1.353E+01;7.447E+00;1.166E+00;-1.144E+03;4.053E-01;1.346E-01;;;;;2.205E+03;1.779E+00;-4.917E+02;;;;
;1.250E+03;1.340E+01;8.140E+00;1.164E+00;-9.480E+02;4.131E-01;1.306E-01;;;;;2.250E+03;1.944E+00;-4.076E+02;;;;
;1.275E+03;1.326E+01;8.479E+00;1.163E+00;-7.397E+02;4.212E-01;1.267E-01;;;;;2.295E+03;2.025E+00;-3.180E+02;;;;
;1.300E+03;1.311E+01;8.634E+00;1.163E+00;-5.255E+02;4.292E-01;1.229E-01;;;;;2.340E+03;2.062E+00;-2.259E+02;;;;
;1.325E+03;1.297E+01;8.707E+00;1.163E+00;-3.087E+02;4.371E-01;1.193E-01;;;;;2.385E+03;2.080E+00;-1.327E+02;;;;
;1.350E+03;1.284E+01;8.767E+00;1.162E+00;-9.028E+01;4.448E-01;1.159E-01;;;;;2.430E+03;2.094E+00;-3.881E+01;;;;
;1.375E+03;1.271E+01;8.860E+00;1.161E+00;1.299E+02;4.521E-01;1.126E-01;;;;;2.475E+03;2.116E+00;5.586E+01;;;;
;1.400E+03;1.258E+01;9.024E+00;1.158E+00;3.533E+02;4.589E-01;1.095E-01;;;;;2.520E+03;2.155E+00;1.519E+02;;;;
;1.425E+03;1.246E+01;9.288E+00;1.155E+00;5.820E+02;4.651E-01;1.066E-01;;;;;2.565E+03;2.218E+00;2.502E+02;;;;
;1.450E+03;1.234E+01;9.674E+00;1.151E+00;8.187E+02;4.708E-01;1.037E-01;;;;;2.610E+03;2.311E+00;3.520E+02;;;;
;1.475E+03;1.222E+01;1.019E+01;1.146E+00;1.067E+03;4.757E-01;1.010E-01;;;;;2.655E+03;2.434E+00;4.586E+02;;;;
;1.500E+03;1.210E+01;1.082E+01;1.142E+00;1.329E+03;4.799E-01;9.833E-02;;;;;2.700E+03;2.585E+00;5.715E+02;;;;
;1.525E+03;1.198E+01;1.152E+01;1.138E+00;1.608E+03;4.832E-01;9.575E-02;;;;;2.745E+03;2.751E+00;6.915E+02;;;;
;1.550E+03;1.186E+01;1.215E+01;1.135E+00;1.905E+03;4.859E-01;9.323E-02;;;;;2.790E+03;2.903E+00;8.188E+02;;;;
;1.575E+03;1.173E+01;1.253E+01;1.135E+00;2.214E+03;4.880E-01;9.078E-02;;;;;2.835E+03;2.993E+00;9.518E+02;;;;
;1.600E+03;1.161E+01;1.238E+01;1.138E+00;2.527E+03;4.899E-01;8.842E-02;;;;;2.880E+03;2.956E+00;1.086E+03;;;;
;1.625E+03;1.150E+01;1.151E+01;1.144E+00;2.827E+03;4.920E-01;8.621E-02;;;;;2.925E+03;2.750E+00;1.215E+03;;;;
;1.650E+03;1.140E+01;1.010E+01;1.156E+00;3.098E+03;4.946E-01;8.417E-02;;;;;2.970E+03;2.413E+00;1.332E+03;;;;
;1.675E+03;1.132E+01;8.590E+00;1.170E+00;3.331E+03;4.981E-01;8.234E-02;;;;;3.015E+03;2.052E+00;1.432E+03;;;;
;1.700E+03;1.126E+01;7.338E+00;1.185E+00;3.529E+03;5.021E-01;8.068E-02;;;;;3.060E+03;1.753E+00;1.517E+03;;;;
;1.725E+03;1.121E+01;6.422E+00;1.199E+00;3.701E+03;5.066E-01;7.917E-02;;;;;3.105E+03;1.534E+00;1.591E+03;;;;
;1.750E+03;1.117E+01;5.774E+00;1.210E+00;3.853E+03;5.112E-01;7.778E-02;;;;;3.150E+03;1.379E+00;1.656E+03;;;;
;1.775E+03;1.114E+01;5.312E+00;1.220E+00;3.991E+03;5.160E-01;7.648E-02;;;;;3.195E+03;1.269E+00;1.716E+03;;;;
;1.800E+03;1.112E+01;4.974E+00;1.227E+00;4.119E+03;5.209E-01;7.525E-02;;;;;3.240E+03;1.188E+00;1.771E+03;;;;
;1.825E+03;1.110E+01;4.723E+00;1.233E+00;4.241E+03;5.258E-01;7.409E-02;;;;;3.285E+03;1.128E+00;1.823E+03;;;;
;1.850E+03;1.108E+01;4.533E+00;1.238E+00;4.356E+03;5.306E-01;7.299E-02;;;;;3.330E+03;1.083E+00;1.873E+03;;;;
;1.875E+03;1.107E+01;4.389E+00;1.241E+00;4.468E+03;5.355E-01;7.193E-02;;;;;3.375E+03;1.048E+00;1.921E+03;;;;
;1.900E+03;1.106E+01;4.281E+00;1.244E+00;4.576E+03;5.404E-01;7.091E-02;;;;;3.420E+03;1.022E+00;1.967E+03;;;;
;1.925E+03;1.105E+01;4.200E+00;1.245E+00;4.682E+03;5.453E-01;6.993E-02;;;;;3.465E+03;1.003E+00;2.013E+03;;;;
;1.950E+03;1.104E+01;4.142E+00;1.246E+00;4.786E+03;5.502E-01;6.898E-02;;;;;3.510E+03;9.893E-01;2.058E+03;;;;
;1.975E+03;1.103E+01;4.103E+00;1.247E+00;4.889E+03;5.550E-01;6.806E-02;;;;;3.555E+03;9.799E-01;2.102E+03;;;;
;2.000E+03;1.102E+01;4.078E+00;1.247E+00;4.991E+03;5.599E-01;6.717E-02;;;;;3.600E+03;9.741E-01;2.146E+03;;;;
;2.025E+03;1.102E+01;4.068E+00;1.246E+00;5.093E+03;5.647E-01;6.631E-02;;;;;3.645E+03;9.715E-01;2.190E+03;;;;
;2.050E+03;1.101E+01;4.068E+00;1.245E+00;5.195E+03;5.696E-01;6.547E-02;;;;;3.690E+03;9.717E-01;2.233E+03;;;;
;2.075E+03;1.101E+01;4.080E+00;1.244E+00;5.297E+03;5.744E-01;6.465E-02;;;;;3.735E+03;9.744E-01;2.277E+03;;;;
;2.100E+03;1.100E+01;4.101E+00;1.242E+00;5.399E+03;5.792E-01;6.386E-02;;;;;3.780E+03;9.794E-01;2.321E+03;;;;
;2.125E+03;1.100E+01;4.130E+00;1.240E+00;5.502E+03;5.840E-01;6.308E-02;;;;;3.825E+03;9.865E-01;2.365E+03;;;;
;2.150E+03;1.100E+01;4.169E+00;1.238E+00;5.605E+03;5.888E-01;6.232E-02;;;;;3.870E+03;9.957E-01;2.410E+03;;;;
;2.175E+03;1.099E+01;4.215E+00;1.236E+00;5.710E+03;5.936E-01;6.158E-02;;;;;3.915E+03;1.007E+00;2.455E+03;;;;
;2.200E+03;1.099E+01;4.270E+00;1.233E+00;5.816E+03;5.984E-01;6.085E-02;;;;;3.960E+03;1.020E+00;2.501E+03;;;;
;2.225E+03;1.098E+01;4.333E+00;1.231E+00;5.924E+03;6.032E-01;6.014E-02;;;;;4.005E+03;1.035E+00;2.547E+03;;;;
;2.250E+03;1.098E+01;4.405E+00;1.228E+00;6.033E+03;6.080E-01;5.944E-02;;;;;4.050E+03;1.052E+00;2.594E+03;;;;
;2.275E+03;1.097E+01;4.484E+00;1.225E+00;6.144E+03;6.128E-01;5.876E-02;;;;;4.095E+03;1.071E+00;2.641E+03;;;;
;2.300E+03;1.096E+01;4.573E+00;1.221E+00;6.257E+03;6.176E-01;5.809E-02;;;;;4.140E+03;1.092E+00;2.690E+03;;;;
;2.325E+03;1.096E+01;4.670E+00;1.218E+00;6.373E+03;6.224E-01;5.743E-02;;;;;4.185E+03;1.115E+00;2.740E+03;;;;
;2.350E+03;1.095E+01;4.777E+00;1.215E+00;6.491E+03;6.272E-01;5.678E-02;;;;;4.230E+03;1.141E+00;2.791E+03;;;;
;2.375E+03;1.094E+01;4.893E+00;1.211E+00;6.612E+03;6.320E-01;5.615E-02;;;;;4.275E+03;1.169E+00;2.843E+03;;;;
;2.400E+03;1.093E+01;5.020E+00;1.208E+00;6.736E+03;6.368E-01;5.552E-02;;;;;4.320E+03;1.199E+00;2.896E+03;;;;
;2.425E+03;1.092E+01;5.157E+00;1.205E+00;6.863E+03;6.416E-01;5.490E-02;;;;;4.365E+03;1.232E+00;2.950E+03;;;;
;2.450E+03;1.091E+01;5.305E+00;1.201E+00;6.994E+03;6.464E-01;5.429E-02;;;;;4.410E+03;1.267E+00;3.007E+03;;;;
;2.475E+03;1.090E+01;5.465E+00;1.198E+00;7.128E+03;6.512E-01;5.369E-02;;;;;4.455E+03;1.305E+00;3.065E+03;;;;
;2.500E+03;1.089E+01;5.636E+00;1.194E+00;7.267E+03;6.560E-01;5.309E-02;;;;;4.500E+03;1.346E+00;3.124E+03;;;;
;2.525E+03;1.088E+01;5.821E+00;1.191E+00;7.410E+03;6.609E-01;5.250E-02;;;;;4.545E+03;1.390E+00;3.186E+03;;;;
;2.550E+03;1.086E+01;6.018E+00;1.188E+00;7.558E+03;6.657E-01;5.192E-02;;;;;4.590E+03;1.437E+00;3.249E+03;;;;
;2.575E+03;1.085E+01;6.229E+00;1.185E+00;7.711E+03;6.705E-01;5.134E-02;;;;;4.635E+03;1.488E+00;3.315E+03;;;;
;2.600E+03;1.083E+01;6.455E+00;1.182E+00;7.870E+03;6.754E-01;5.077E-02;;;;;4.680E+03;1.542E+00;3.383E+03;;;;
;2.625E+03;1.081E+01;6.695E+00;1.179E+00;8.034E+03;6.803E-01;5.021E-02;;;;;4.725E+03;1.599E+00;3.454E+03;;;;
;2.650E+03;1.080E+01;6.951E+00;1.176E+00;8.204E+03;6.852E-01;4.964E-02;;;;;4.770E+03;1.660E+00;3.527E+03;;;;
;2.675E+03;1.077E+01;7.224E+00;1.173E+00;8.382E+03;6.901E-01;4.908E-02;;;;;4.815E+03;1.725E+00;3.603E+03;;;;
;2.700E+03;1.075E+01;7.513E+00;1.170E+00;8.566E+03;6.951E-01;4.853E-02;;;;;4.860E+03;1.794E+00;3.683E+03;;;;
;2.725E+03;1.073E+01;7.820E+00;1.168E+00;8.757E+03;7.000E-01;4.797E-02;;;;;4.905E+03;1.868E+00;3.765E+03;;;;
;2.750E+03;1.070E+01;8.145E+00;1.165E+00;8.957E+03;7.050E-01;4.742E-02;;;;;4.950E+03;1.945E+00;3.851E+03;;;;
;2.775E+03;1.067E+01;8.489E+00;1.163E+00;9.165E+03;7.100E-01;4.687E-02;;;;;4.995E+03;2.028E+00;3.940E+03;;;;
;2.800E+03;1.064E+01;8.854E+00;1.160E+00;9.382E+03;7.151E-01;4.633E-02;;;;;5.040E+03;2.115E+00;4.033E+03;;;;
;2.825E+03;1.061E+01;9.238E+00;1.158E+00;9.608E+03;7.201E-01;4.578E-02;;;;;5.085E+03;2.207E+00;4.131E+03;;;;
;2.850E+03;1.058E+01;9.644E+00;1.156E+00;9.844E+03;7.252E-01;4.523E-02;;;;;5.130E+03;2.304E+00;4.232E+03;;;;
;2.875E+03;1.054E+01;1.007E+01;1.155E+00;1.009E+04;7.304E-01;4.469E-02;;;;;5.175E+03;2.406E+00;4.338E+03;;;;
;2.900E+03;1.050E+01;1.052E+01;1.153E+00;1.035E+04;7.356E-01;4.414E-02;;;;;5.220E+03;2.514E+00;4.448E+03;;;;
;2.925E+03;1.046E+01;1.100E+01;1.151E+00;1.062E+04;7.408E-01;4.359E-02;;;;;5.265E+03;2.627E+00;4.564E+03;;;;
;2.950E+03;1.042E+01;1.150E+01;1.150E+00;1.090E+04;7.461E-01;4.304E-02;;;;;5.310E+03;2.746E+00;4.685E+03;;;;
;2.975E+03;1.037E+01;1.202E+01;1.148E+00;1.119E+04;7.514E-01;4.249E-02;;;;;5.355E+03;2.872E+00;4.812E+03;;;;
;3.000E+03;1.033E+01;1.257E+01;1.147E+00;1.150E+04;7.567E-01;4.194E-02;;;;;5.400E+03;3.003E+00;4.944E+03;;;;
;3.025E+03;1.027E+01;1.315E+01;1.146E+00;1.182E+04;7.621E-01;4.139E-02;;;;;5.445E+03;3.141E+00;5.082E+03;;;;
;3.050E+03;1.022E+01;1.376E+01;1.145E+00;1.216E+04;7.676E-01;4.084E-02;;;;;5.490E+03;3.285E+00;5.227E+03;;;;
;3.075E+03;1.016E+01;1.439E+01;1.144E+00;1.251E+04;7.731E-01;4.028E-02;;;;;5.535E+03;3.436E+00;5.377E+03;;;;
;3.100E+03;1.011E+01;1.505E+01;1.143E+00;1.288E+04;7.787E-01;3.972E-02;;;;;5.580E+03;3.594E+00;5.536E+03;;;;
;3.125E+03;1.004E+01;1.573E+01;1.142E+00;1.326E+04;7.843E-01;3.916E-02;;;;;5.625E+03;3.758E+00;5.701E+03;;;;
;3.150E+03;9.978E+00;1.645E+01;1.142E+00;1.366E+04;7.900E-01;3.860E-02;;;;;5.670E+03;3.929E+00;5.874E+03;;;;
;3.175E+03;9.910E+00;1.719E+01;1.141E+00;1.408E+04;7.957E-01;3.804E-02;;;;;5.715E+03;4.106E+00;6.055E+03;;;;
;3.200E+03;9.839E+00;1.796E+01;1.141E+00;1.452E+04;8.015E-01;3.747E-02;;;;;5.760E+03;4.289E+00;6.244E+03;;;;
;3.225E+03;9.766E+00;1.875E+01;1.141E+00;1.498E+04;8.074E-01;3.690E-02;;;;;5.805E+03;4.478E+00;6.441E+03;;;;
;3.250E+03;9.689E+00;1.956E+01;1.140E+00;1.546E+04;8.133E-01;3.633E-02;;;;;5.850E+03;4.671E+00;6.647E+03;;;;
;3.275E+03;9.610E+00;2.039E+01;1.140E+00;1.596E+04;8.193E-01;3.576E-02;;;;;5.895E+03;4.870E+00;6.862E+03;;;;
;3.300E+03;9.529E+00;2.123E+01;1.140E+00;1.648E+04;8.253E-01;3.519E-02;;;;;5.940E+03;5.071E+00;7.085E+03;;;;
;3.325E+03;9.444E+00;2.209E+01;1.140E+00;1.702E+04;8.313E-01;3.461E-02;;;;;5.985E+03;5.275E+00;7.318E+03;;;;
;3.350E+03;9.357E+00;2.294E+01;1.140E+00;1.758E+04;8.374E-01;3.404E-02;;;;;6.030E+03;5.480E+00;7.560E+03;;;;
;3.375E+03;9.268E+00;2.380E+01;1.140E+00;1.817E+04;8.436E-01;3.347E-02;;;;;6.075E+03;5.685E+00;7.811E+03;;;;
;3.400E+03;9.177E+00;2.465E+01;1.141E+00;1.877E+04;8.497E-01;3.289E-02;;;;;6.120E+03;5.888E+00;8.071E+03;;;;
;3.425E+03;9.085E+00;2.549E+01;1.141E+00;1.940E+04;8.558E-01;3.232E-02;;;;;6.165E+03;6.088E+00;8.341E+03;;;;
;3.450E+03;8.990E+00;2.631E+01;1.141E+00;2.005E+04;8.620E-01;3.176E-02;;;;;6.210E+03;6.283E+00;8.620E+03;;;;
;3.475E+03;8.894E+00;2.709E+01;1.142E+00;2.072E+04;8.680E-01;3.119E-02;;;;;6.255E+03;6.471E+00;8.906E+03;;;;
;3.500E+03;8.797E+00;2.785E+01;1.143E+00;2.140E+04;8.741E-01;3.063E-02;;;;;6.300E+03;6.651E+00;9.202E+03;;;;
;3.525E+03;8.699E+00;2.856E+01;1.143E+00;2.211E+04;8.801E-01;3.008E-02;;;;;6.345E+03;6.821E+00;9.505E+03;;;;
;3.550E+03;8.601E+00;2.922E+01;1.144E+00;2.283E+04;8.859E-01;2.953E-02;;;;;6.390E+03;6.979E+00;9.815E+03;;;;
;3.575E+03;8.503E+00;2.983E+01;1.145E+00;2.357E+04;8.917E-01;2.899E-02;;;;;6.435E+03;7.125E+00;1.013E+04;;;;
;3.600E+03;8.405E+00;3.039E+01;1.146E+00;2.432E+04;8.974E-01;2.845E-02;;;;;6.480E+03;7.257E+00;1.046E+04;;;;
;3.625E+03;8.307E+00;3.088E+01;1.147E+00;2.509E+04;9.029E-01;2.793E-02;;;;;6.525E+03;7.375E+00;1.079E+04;;;;
;3.650E+03;8.210E+00;3.131E+01;1.147E+00;2.587E+04;9.082E-01;2.741E-02;;;;;6.570E+03;7.477E+00;1.112E+04;;;;
;3.675E+03;8.113E+00;3.167E+01;1.148E+00;2.665E+04;9.133E-01;2.690E-02;;;;;6.615E+03;7.564E+00;1.146E+04;;;;
;3.700E+03;8.018E+00;3.196E+01;1.150E+00;2.745E+04;9.183E-01;2.641E-02;;;;;6.660E+03;7.634E+00;1.180E+04;;;;
;3.725E+03;7.925E+00;3.219E+01;1.151E+00;2.825E+04;9.230E-01;2.593E-02;;;;;6.705E+03;7.688E+00;1.215E+04;;;;
;3.750E+03;7.833E+00;3.235E+01;1.152E+00;2.906E+04;9.276E-01;2.546E-02;;;;;6.750E+03;7.726E+00;1.249E+04;;;;
;3.775E+03;7.743E+00;3.244E+01;1.153E+00;2.987E+04;9.319E-01;2.500E-02;;;;;6.795E+03;7.748E+00;1.284E+04;;;;
;3.800E+03;7.655E+00;3.247E+01;1.154E+00;3.068E+04;9.360E-01;2.455E-02;;;;;6.840E+03;7.755E+00;1.319E+04;;;;
;3.825E+03;7.569E+00;3.244E+01;1.155E+00;3.149E+04;9.398E-01;2.411E-02;;;;;6.885E+03;7.747E+00;1.354E+04;;;;
;3.850E+03;7.485E+00;3.235E+01;1.157E+00;3.230E+04;9.435E-01;2.369E-02;;;;;6.930E+03;7.726E+00;1.389E+04;;;;
;3.875E+03;7.404E+00;3.220E+01;1.158E+00;3.311E+04;9.469E-01;2.328E-02;;;;;6.975E+03;7.690E+00;1.423E+04;;;;
;3.900E+03;7.325E+00;3.200E+01;1.159E+00;3.391E+04;9.502E-01;2.289E-02;;;;;7.020E+03;7.643E+00;1.458E+04;;;;
;3.925E+03;7.248E+00;3.175E+01;1.160E+00;3.471E+04;9.532E-01;2.250E-02;;;;;7.065E+03;7.583E+00;1.492E+04;;;;
;3.950E+03;7.174E+00;3.146E+01;1.162E+00;3.550E+04;9.561E-01;2.213E-02;;;;;7.110E+03;7.514E+00;1.526E+04;;;;
;3.975E+03;7.103E+00;3.113E+01;1.163E+00;3.628E+04;9.587E-01;2.178E-02;;;;;7.155E+03;7.434E+00;1.560E+04;;;;
